Universe,Universe_Group,Opportunity_Type,Opportunity_Eligible,Symbol,Raw_Symbol,Name,Category,ISIN,Include,Source
ETF,ETF,Parking/Debt ETF,No,ABGSEC.NS,ABGSEC,BIRLASLAMC - ABGSEC,Parking/Debt ETF,INF209KC1134,Yes,NSE ETF
ETF,ETF,Equity ETF,Yes,ABSL10BANK.NS,ABSL10BANK,BIRLASLAMC - ABSL10BANK,Bank/Financial ETF,INF209KC1670,Yes,NSE ETF
ETF,ETF,Equity ETF,Yes,ABSLBANETF.NS,ABSLBANETF,BIRLASLAMC-ABSLBANETF,Bank/Financial ETF,INF209KB17D5,Yes,NSE ETF
ETF,ETF,Parking/Debt ETF,No,ABSLLIQUID.NS,ABSLLIQUID,BIRLASLAMC-ABSLLIQUID,Parking/Debt ETF,INF209KB18T9,Yes,NSE ETF
ETF,ETF,Equity ETF,Yes,ABSLMSCIN.NS,ABSLMSCIN,BIRLASLAMC - ABSLMSCIN,ETF,INF209KC1662,Yes,NSE ETF
ETF,ETF,Equity ETF,Yes,ABSLNN50ET.NS,ABSLNN50ET,BIRLASLAMC-ABSLNN50ET,Broad Market ETF,INF209KB16D7,Yes,NSE ETF
ETF,ETF,Equity ETF,Yes,ABSLPSE.NS,ABSLPSE,BIRLASLAMC-ABSLPSE,IT ETF,INF209KB19Z4,Yes,NSE ETF
ETF,ETF,Equity ETF,Yes,ALPHA.NS,ALPHA,KOTAKMAMC-KOTAKALPHA,Factor ETF,INF174KA1IA5,Yes,NSE ETF
ETF,ETF,Equity ETF,Yes,ALPHAETF.NS,ALPHAETF,MIRAEAMC-ALPHAETF,Factor ETF,INF769K01KU7,Yes,NSE ETF
ETF,ETF,Equity ETF,Yes,ALPL30IETF.NS,ALPL30IETF,ICICIPRAMC-ICICIALPLV,IT ETF,INF109KC17V7,Yes,NSE ETF
ETF,ETF,Commodity ETF,Yes,AONEGOLD.NS,AONEGOLD,AONEAMC - AONEGOLD,Gold ETF,INF1J2R01114,Yes,NSE ETF
ETF,ETF,Parking/Debt ETF,No,AONELIQUID.NS,AONELIQUID,AONEAMC - AONELIQUID,Parking/Debt ETF,INF1J2R01056,Yes,NSE ETF
ETF,ETF,Equity ETF,Yes,AONENIFTY.NS,AONENIFTY,AONEAMC - AONENIFTY,Broad Market ETF,INF1J2R01064,Yes,NSE ETF
ETF,ETF,Commodity ETF,Yes,AONESILVER.NS,AONESILVER,AONEAMC - AONESILVER,Silver ETF,INF1J2R01171,Yes,NSE ETF
ETF,ETF,Equity ETF,Yes,AONETMMQ50.NS,AONETMMQ50,AONEAMC - AONETMMQ50,IT ETF,INF1J2R01148,Yes,NSE ETF
ETF,ETF,Equity ETF,Yes,AONETOTAL.NS,AONETOTAL,AONEAMC - AONETOTAL,Broad Market ETF,INF1J2R01015,Yes,NSE ETF
ETF,ETF,Equity ETF,Yes,AUTOBEES.NS,AUTOBEES,NIPPONAMC-NETFAUTO,Auto ETF,INF204KC1337,Yes,NSE ETF
ETF,ETF,Equity ETF,Yes,AUTOIETF.NS,AUTOIETF,ICICIPRAMC-ICICIAUTO,Auto ETF,INF109KC10V2,Yes,NSE ETF
ETF,ETF,Equity ETF,Yes,BANK10ADD.NS,BANK10ADD,DSPAMC - BANK10ADD,Bank/Financial ETF,INF740KA1YH2,Yes,NSE ETF
ETF,ETF,Equity ETF,Yes,BANKADD.NS,BANKADD,DSPAMC-DSPBANK,Bank/Financial ETF,INF740KA1RX3,Yes,NSE ETF
ETF,ETF,Equity ETF,Yes,BANKBEES.NS,BANKBEES,NIPINDETFBANKBEES,Bank/Financial ETF,INF204KB15I9,Yes,NSE ETF
ETF,ETF,Equity ETF,Yes,BANKBETA.NS,BANKBETA,UTIAMC-BANKBETA,Bank/Financial ETF,INF789F1AUV1,Yes,NSE ETF
ETF,ETF,Equity ETF,Yes,BANKBETF.NS,BANKBETF,BFAM-BANKBETF,Bank/Financial ETF,INF0QA701714,Yes,NSE ETF
ETF,ETF,Equity ETF,Yes,BANKETF.NS,BANKETF,MIRAEAMC-BANKETF,Bank/Financial ETF,INF769K01KR3,Yes,NSE ETF
ETF,ETF,Equity ETF,Yes,BANKIETF.NS,BANKIETF,ICICIPRAMC-IPRU5008,Bank/Financial ETF,INF109KC15I8,Yes,NSE ETF
ETF,ETF,Equity ETF,Yes,BANKNIFTY1.NS,BANKNIFTY1,KOTAKMAMC-KOTAKBKETF,Bank/Financial ETF,INF174KA1ZB7,Yes,NSE ETF
ETF,ETF,Equity ETF,Yes,BANKPSU.NS,BANKPSU,MIRAEAMC - BANKPSU,Bank/Financial ETF,INF769K01LZ4,Yes,NSE ETF
ETF,ETF,Parking/Debt ETF,No,BBETF0432.NS,BBETF0432,EDELAMC-BBETF0432,Parking/Debt ETF,INF754K01OB1,Yes,NSE ETF
ETF,ETF,Equity ETF,Yes,BBNPNBETF.NS,BBNPNBETF,BARODABNP - BBNPNBETF,Bank/Financial ETF,INF251K01TL6,Yes,NSE ETF
ETF,ETF,Commodity ETF,Yes,BBNPPGOLD.NS,BBNPPGOLD,BARODABNP-BBNPPGOLD,Gold ETF,INF251K01SU9,Yes,NSE ETF
ETF,ETF,Equity ETF,Yes,BFSI.NS,BFSI,MIRAEAMC-MAFSETF,Bank/Financial ETF,INF769K01HI8,Yes,NSE ETF
ETF,ETF,Equity ETF,Yes,BNKETFAXIS.NS,BNKETFAXIS,AXISAMC-BNKETFAXIS,Bank/Financial ETF,INF846K01X63,Yes,NSE ETF
ETF,ETF,International ETF,Yes,BSE500IETF.NS,BSE500IETF,ICICIPRAMC-ICICI500,International ETF,INF109KC1V59,Yes,NSE ETF
ETF,ETF,Commodity ETF,Yes,BSLGOLDETF.NS,BSLGOLDETF,ABSLGoldETF-GO,Gold ETF,INF209KB18D3,Yes,NSE ETF
ETF,ETF,Equity ETF,Yes,BSLNIFTY.NS,BSLNIFTY,ABSLNiftyETF-GO,Broad Market ETF,INF209KB19D1,Yes,NSE ETF
ETF,ETF,Equity ETF,Yes,BSLSENETFG.NS,BSLSENETFG,BIRLASLAMC-BSLSENETFG,Broad Market ETF,INF209KB10E8,Yes,NSE ETF
ETF,ETF,Parking/Debt ETF,No,CASHIETF.NS,CASHIETF,ICICIPRAMC - CASHIETF,Parking/Debt ETF,INF109K1A021,Yes,NSE ETF
ETF,ETF,Equity ETF,Yes,CHEMICAL.NS,CHEMICAL,KOTAKMAMC - CHEMICAL,Broad Market ETF,INF174KA1XV0,Yes,NSE ETF
ETF,ETF,Commodity ETF,Yes,CHOICEGOLD.NS,CHOICEGOLD,ChoiceAMC - CHOICEGOLD,Gold ETF,INF2KCX01012,Yes,NSE ETF
ETF,ETF,Equity ETF,Yes,COMMOIETF.NS,COMMOIETF,ICICIPRAMC-ICICICOMMO,IT ETF,INF109KC19O8,Yes,NSE ETF
ETF,ETF,Equity ETF,Yes,CONS.NS,CONS,KOTAKMAMC-KOTAKCONS,Consumption/FMCG ETF,INF174KA1ZF8,Yes,NSE ETF
ETF,ETF,Equity ETF,Yes,CONSUMAXIS.NS,CONSUMAXIS,AXISAMC-CONSUMAXIS,Consumption/FMCG ETF,INF846K016C7,Yes,NSE ETF
ETF,ETF,Equity ETF,Yes,CONSUMBEES.NS,CONSUMBEES,NIPINDETFCONSUMPTION,Consumption/FMCG ETF,INF204KA1LD7,Yes,NSE ETF
ETF,ETF,Equity ETF,Yes,CONSUMER.NS,CONSUMER,MIRAEAMC - CONSUMER,Consumption/FMCG ETF,INF769K01NS5,Yes,NSE ETF
ETF,ETF,Equity ETF,Yes,CONSUMIETF.NS,CONSUMIETF,ICICIPRAMC-ICICICONSU,Consumption/FMCG ETF,INF109KC1V42,Yes,NSE ETF
ETF,ETF,Equity ETF,Yes,CPSEETF.NS,CPSEETF,CPSEETF,PSU/CPSE ETF,INF457M01133,Yes,NSE ETF
ETF,ETF,Equity ETF,Yes,DEFENCE.NS,DEFENCE,MIRAEAMC - DEFENCE,ETF,INF769K01QC2,Yes,NSE ETF
ETF,ETF,Equity ETF,Yes,DIVIDEND.NS,DIVIDEND,MIRAEAMC - DIVIDEND,ETF,INF769K01PY8,Yes,NSE ETF
ETF,ETF,Equity ETF,Yes,DIVOPPBEES.NS,DIVOPPBEES,NIPINDETFDIVOPP,Broad Market ETF,INF204KA1MS3,Yes,NSE ETF
ETF,ETF,Equity ETF,Yes,EBANKNIFTY.NS,EBANKNIFTY,EDELAMC - EBANKNIFTY,Bank/Financial ETF,INF754K01TE4,Yes,NSE ETF
ETF,ETF,Parking/Debt ETF,No,EBBETF0430.NS,EBBETF0430,EDELAMC-EBBETF0430,Parking/Debt ETF,INF754K01KO2,Yes,NSE ETF
ETF,ETF,Parking/Debt ETF,No,EBBETF0431.NS,EBBETF0431,EDELAMC-EBBETF0431,Parking/Debt ETF,INF754K01LE1,Yes,NSE ETF
ETF,ETF,Parking/Debt ETF,No,EBBETF0433.NS,EBBETF0433,EDELAMC-EBBETF0433,Parking/Debt ETF,INF754K01QX0,Yes,NSE ETF
ETF,ETF,Equity ETF,Yes,ECAPINSURE.NS,ECAPINSURE,EDELAMC - ECAPINSURE,IT ETF,INF754K01TX4,Yes,NSE ETF
ETF,ETF,Commodity ETF,Yes,EGOLD.NS,EGOLD,EDELAMC-EGOLD,Gold ETF,INF754K01SE6,Yes,NSE ETF
ETF,ETF,Parking/Debt ETF,No,ELIQUID.NS,ELIQUID,EDELAMC - ELIQUID,Parking/Debt ETF,INF754K01VW2,Yes,NSE ETF
ETF,ETF,Equity ETF,Yes,ELM250.NS,ELM250,EDELAMC - ELM250,Broad Market ETF,INF754K01VV4,Yes,NSE ETF
ETF,ETF,Equity ETF,Yes,EMULTIMQ.NS,EMULTIMQ,EDELAMC - EMULTIMQ,IT ETF,INF754K01TF1,Yes,NSE ETF
ETF,ETF,Equity ETF,Yes,ENERGY.NS,ENERGY,MIRAEAMC - ENERGY,Broad Market ETF,INF769K01PR2,Yes,NSE ETF
ETF,ETF,Equity ETF,Yes,ENEXT50.NS,ENEXT50,EDELAMC - ENEXT50,Broad Market ETF,INF754K01XF3,Yes,NSE ETF
ETF,ETF,Equity ETF,Yes,ENIFTY.NS,ENIFTY,EDELAMC - ENIFTY,Broad Market ETF,INF754K01VX0,Yes,NSE ETF
ETF,ETF,Equity ETF,Yes,EQUAL200.NS,EQUAL200,MIRAEAMC - EQUAL200,ETF,INF769K01OA1,Yes,NSE ETF
ETF,ETF,Equity ETF,Yes,EQUAL50.NS,EQUAL50,MIRAEAMC - EQUAL50,Broad Market ETF,INF769K01OO2,Yes,NSE ETF
ETF,ETF,Equity ETF,Yes,EQUAL50ADD.NS,EQUAL50ADD,DSPAMC-DSPNEWETF,Broad Market ETF,INF740KA1QK2,Yes,NSE ETF
ETF,ETF,Equity ETF,Yes,ESENSEX.NS,ESENSEX,EDELAMC - ESENSEX,Broad Market ETF,INF754K01VY8,Yes,NSE ETF
ETF,ETF,Parking/Debt ETF,No,ESG.NS,ESG,MIRAEAMC-MAESGETF,Parking/Debt ETF,INF769K01GS9,Yes,NSE ETF
ETF,ETF,Commodity ETF,Yes,ESILVER.NS,ESILVER,EDELAMC-Esilver,Silver ETF,INF754K01SF3,Yes,NSE ETF
ETF,ETF,Equity ETF,Yes,EVIETF.NS,EVIETF,ICICIPRAMC - EVIETF,Auto ETF,INF109K1A153,Yes,NSE ETF
ETF,ETF,Equity ETF,Yes,EVINDIA.NS,EVINDIA,MIRAEAMC - EVINDIA,Auto ETF,INF769K01LQ3,Yes,NSE ETF
ETF,ETF,Equity ETF,Yes,FINIETF.NS,FINIETF,ICICIPRAMC-ICICIFIN,Bank/Financial ETF,INF109KC17L8,Yes,NSE ETF
ETF,ETF,Equity ETF,Yes,FLEXIADD.NS,FLEXIADD,DSPAMC - FLEXIADD,IT ETF,INF740KA1WU9,Yes,NSE ETF
ETF,ETF,Equity ETF,Yes,FMCGADD.NS,FMCGADD,DSPAMC - FMCGADD,Consumption/FMCG ETF,INF740KA1ZA4,Yes,NSE ETF
ETF,ETF,Equity ETF,Yes,FMCGIETF.NS,FMCGIETF,ICICIPRAMC-ICICIFMCG,Consumption/FMCG ETF,INF109KC19V3,Yes,NSE ETF
ETF,ETF,Parking/Debt ETF,No,GILT10BETA.NS,GILT10BETA,UTIAMC-GILT10BETA,Parking/Debt ETF,INF789F1AZF3,Yes,NSE ETF
ETF,ETF,Parking/Debt ETF,No,GILT5BETA.NS,GILT5BETA,UTIAMC-GILT5BETA,Parking/Debt ETF,INF789F1AZE6,Yes,NSE ETF
ETF,ETF,Parking/Debt ETF,No,GILT5YBEES.NS,GILT5YBEES,RELCAPAMC-NETFGILT5Y,Parking/Debt ETF,INF204KC1030,Yes,NSE ETF
ETF,ETF,Commodity ETF,Yes,GOLD1.NS,GOLD1,KotakMutualFund-Gold,Gold ETF,INF174KA1HJ8,Yes,NSE ETF
ETF,ETF,Commodity ETF,Yes,GOLD360.NS,GOLD360,360ONEAMC - GOLD360,Gold ETF,INF579M01BB5,Yes,NSE ETF
ETF,ETF,Commodity ETF,Yes,GOLDADD.NS,GOLDADD,DSPAMC - DSPGOLD,Gold ETF,INF740KA1SW3,Yes,NSE ETF
ETF,ETF,Commodity ETF,Yes,GOLDAXIS.NS,GOLDAXIS,AXISAMC-GOLDAXIS,Gold ETF,INF846K01W80,Yes,NSE ETF
ETF,ETF,Commodity ETF,Yes,GOLDBEES.NS,GOLDBEES,NIPINDETFGOLDBEES,Gold ETF,INF204KB17I5,Yes,NSE ETF
ETF,ETF,Commodity ETF,Yes,GOLDBETA.NS,GOLDBETA,UTIAMC -UTIGOLDBETA,Gold ETF,INF789F1AUX7,Yes,NSE ETF
ETF,ETF,Commodity ETF,Yes,GOLDBND.NS,GOLDBND,BANDHANAMC - GOLDBND,Gold ETF,INF194KB1KJ7,Yes,NSE ETF
ETF,ETF,Commodity ETF,Yes,GOLDCASE.NS,GOLDCASE,ZERODHAAMC-GOLDCASE,Gold ETF,INF0R8F01042,Yes,NSE ETF
ETF,ETF,Commodity ETF,Yes,GOLDETF.NS,GOLDETF,MIRAEAMC-MAGOLDETF,Gold ETF,INF769K01JP9,Yes,NSE ETF
ETF,ETF,Commodity ETF,Yes,GOLDIETF.NS,GOLDIETF,ICICIPrudGoldETF,Gold ETF,INF109KC1NT3,Yes,NSE ETF
ETF,ETF,Equity ETF,Yes,GROWWCAPM.NS,GROWWCAPM,GROWWAMC - GROWWCAPM,IT ETF,INF666M01MM4,Yes,NSE ETF
ETF,ETF,Equity ETF,Yes,GROWWCHEM.NS,GROWWCHEM,GROWWAMC - GROWWCHEM,Broad Market ETF,INF666M01NP5,Yes,NSE ETF
ETF,ETF,Equity ETF,Yes,GROWWDEFNC.NS,GROWWDEFNC,GROWWAMC - GROWWDEFNC,Broad Market ETF,INF666M01IO8,Yes,NSE ETF
ETF,ETF,Equity ETF,Yes,GROWWEV.NS,GROWWEV,GROWWAMC - GROWWEV,Auto ETF,INF666M01IH2,Yes,NSE ETF
ETF,ETF,Commodity ETF,Yes,GROWWGOLD.NS,GROWWGOLD,GROWWAMC - GROWWGOLD,Gold ETF,INF666M01OE7,Yes,NSE ETF
ETF,ETF,Equity ETF,Yes,GROWWHOSPI.NS,GROWWHOSPI,GROWWAMC - GROWWHOSPI,IT ETF,INF666M01OD9,Yes,NSE ETF
ETF,ETF,Parking/Debt ETF,No,GROWWLIQID.NS,GROWWLIQID,GROWWAMC - GROWWLIQID,Parking/Debt ETF,INF666M01IP5,Yes,NSE ETF
ETF,ETF,Equity ETF,Yes,GROWWLOVOL.NS,GROWWLOVOL,GROWWAMC - GROWWLOVOL,IT ETF,INF666M01LB9,Yes,NSE ETF
ETF,ETF,Equity ETF,Yes,GROWWMC150.NS,GROWWMC150,GROWWAMC - GROWWMC150,Broad Market ETF,INF666M01MV5,Yes,NSE ETF
ETF,ETF,Equity ETF,Yes,GROWWMETAL.NS,GROWWMETAL,GROWWAMC - GROWWMETAL,Broad Market ETF,INF666M01NI0,Yes,NSE ETF
ETF,ETF,Equity ETF,Yes,GROWWMOM50.NS,GROWWMOM50,GROWWAMC - GROWWMOM50,Factor ETF,INF666M01KJ4,Yes,NSE ETF
ETF,ETF,Equity ETF,Yes,GROWWN200.NS,GROWWN200,GROWWAMC - GROWWN200,Broad Market ETF,INF666M01JV1,Yes,NSE ETF
ETF,ETF,Equity ETF,Yes,GROWWNET.NS,GROWWNET,GROWWAMC - GROWWNET,ETF,INF666M01LI4,Yes,NSE ETF
ETF,ETF,Equity ETF,Yes,GROWWNIFTY.NS,GROWWNIFTY,GROWWAMC - GROWWNIFTY,Broad Market ETF,INF666M01LL8,Yes,NSE ETF
ETF,ETF,Equity ETF,Yes,GROWWNXT50.NS,GROWWNXT50,GROWWAMC - GROWWNXT50,ETF,INF666M01LZ8,Yes,NSE ETF
ETF,ETF,Equity ETF,Yes,GROWWPOWER.NS,GROWWPOWER,GROWWAMC - GROWWPOWER,ETF,INF666M01LM6,Yes,NSE ETF
ETF,ETF,Equity ETF,Yes,GROWWPSE.NS,GROWWPSE,GROWWAMC - GROWWPSE,Broad Market ETF,INF666M01NQ3,Yes,NSE ETF
ETF,ETF,Equity ETF,Yes,GROWWPSUBK.NS,GROWWPSUBK,GROWWAMC - GROWWPSUBK,Bank/Financial ETF,INF666M01OG2,Yes,NSE ETF
ETF,ETF,Equity ETF,Yes,GROWWRAIL.NS,GROWWRAIL,GROWWAMC - GROWWRAIL,PSU/CPSE ETF,INF666M01JJ6,Yes,NSE ETF
ETF,ETF,Equity ETF,Yes,GROWWRLTY.NS,GROWWRLTY,GROWWAMC - GROWWRLTY,ETF,INF666M01MN2,Yes,NSE ETF
ETF,ETF,Equity ETF,Yes,GROWWSC250.NS,GROWWSC250,GROWWAMC - GROWWSC250,Broad Market ETF,INF666M01MO0,Yes,NSE ETF
ETF,ETF,Commodity ETF,Yes,GROWWSLVR.NS,GROWWSLVR,GROWWAMC - GROWWSLVR,Silver ETF,INF666M01OF4,Yes,NSE ETF
ETF,ETF,Parking/Debt ETF,No,GSEC10ABSL.NS,GSEC10ABSL,BIRLASLAMC - GSEC10ABSL,Parking/Debt ETF,INF209KC1142,Yes,NSE ETF
ETF,ETF,Parking/Debt ETF,No,GSEC10IETF.NS,GSEC10IETF,ICICIPRAMC-ICICI10GS,Parking/Debt ETF,INF109KC18O0,Yes,NSE ETF
ETF,ETF,Parking/Debt ETF,No,GSEC10YEAR.NS,GSEC10YEAR,MIRAEAMC-MAGS813ETF,Parking/Debt ETF,INF769K01KF8,Yes,NSE ETF
ETF,ETF,Parking/Debt ETF,No,GSEC5IETF.NS,GSEC5IETF,ICICIPRAMC-ICICI5GSEC,Parking/Debt ETF,INF109KC14A8,Yes,NSE ETF
ETF,ETF,International ETF,Yes,HDFCBSE500.NS,HDFCBSE500,HDFCAMC-HDFCBSE500,International ETF,INF179KC1EZ4,Yes,NSE ETF
ETF,ETF,Commodity ETF,Yes,HDFCGOLD.NS,HDFCGOLD,HDFCGoldETF,Gold ETF,INF179KC1981,Yes,NSE ETF
ETF,ETF,Parking/Debt ETF,No,HDFCGROWTH.NS,HDFCGROWTH,HDFCAMC-HDFCGROWTH,Parking/Debt ETF,INF179KC1DJ0,Yes,NSE ETF
ETF,ETF,Parking/Debt ETF,No,HDFCLIQUID.NS,HDFCLIQUID,HDFCAMC-HDFCLIQUID,Parking/Debt ETF,INF179KC1JG3,Yes,NSE ETF
ETF,ETF,Equity ETF,Yes,HDFCLOWVOL.NS,HDFCLOWVOL,HDFCAMC-HDFCLOWVOL,IT ETF,INF179KC1HU8,Yes,NSE ETF
ETF,ETF,Equity ETF,Yes,HDFCMID150.NS,HDFCMID150,HDFCAMC-HDFCMID150,Broad Market ETF,INF179KC1HT0,Yes,NSE ETF
ETF,ETF,Equity ETF,Yes,HDFCMOMENT.NS,HDFCMOMENT,HDFCAMC-HDFCMOMENT,Factor ETF,INF179KC1HV6,Yes,NSE ETF
ETF,ETF,Equity ETF,Yes,HDFCNEXT50.NS,HDFCNEXT50,HDFCAMC-HDFCNEXT50,Broad Market ETF,INF179KC1HS2,Yes,NSE ETF
ETF,ETF,Equity ETF,Yes,HDFCNIF100.NS,HDFCNIF100,HDFCAMC-HDFCNIF100,Broad Market ETF,INF179KC1HR4,Yes,NSE ETF
ETF,ETF,Equity ETF,Yes,HDFCNIFBAN.NS,HDFCNIFBAN,HDFCAMC-HDFCNIFBAN,Bank/Financial ETF,INF179KC1HY0,Yes,NSE ETF
ETF,ETF,Equity ETF,Yes,HDFCNIFIT.NS,HDFCNIFIT,HDFCAMC-HDFCNIFIT,IT ETF,INF179KC1IA8,Yes,NSE ETF
ETF,ETF,Equity ETF,Yes,HDFCNIFTY.NS,HDFCNIFTY,HDFCAMC-HDFCNIFTY,Broad Market ETF,INF179KC1965,Yes,NSE ETF
ETF,ETF,Equity ETF,Yes,HDFCPSUBK.NS,HDFCPSUBK,HDFCAMCHDFCPSUBK,Bank/Financial ETF,INF179KC1HW4,Yes,NSE ETF
ETF,ETF,Equity ETF,Yes,HDFCPVTBAN.NS,HDFCPVTBAN,HDFCAMC-HDFCPVTBAN,Bank/Financial ETF,INF179KC1HZ7,Yes,NSE ETF
ETF,ETF,Parking/Debt ETF,No,HDFCQUAL.NS,HDFCQUAL,HDFCAMC-HDFCQUAL,Parking/Debt ETF,INF179KC1DL6,Yes,NSE ETF
ETF,ETF,Equity ETF,Yes,HDFCSENSEX.NS,HDFCSENSEX,HDFCAMC-HDFCSENSEX,Broad Market ETF,INF179KC1HX2,Yes,NSE ETF
ETF,ETF,Parking/Debt ETF,No,HDFCSILVER.NS,HDFCSILVER,HDFCAMC-HDFCSILVER,Parking/Debt ETF,INF179KC1DI2,Yes,NSE ETF
ETF,ETF,Equity ETF,Yes,HDFCSML250.NS,HDFCSML250,HDFCAMC-HDFCSML250,Broad Market ETF,INF179KC1FB2,Yes,NSE ETF
ETF,ETF,Parking/Debt ETF,No,HDFCVALUE.NS,HDFCVALUE,HDFCAMC-HDFCVALUE,Parking/Debt ETF,INF179KC1DK8,Yes,NSE ETF
ETF,ETF,Equity ETF,Yes,HEALTHADD.NS,HEALTHADD,DSPAMC-HEALTHADD,Pharma/Healthcare ETF,INF740KA1ZG1,Yes,NSE ETF
ETF,ETF,Equity ETF,Yes,HEALTHAXIS.NS,HEALTHAXIS,AXISAMC-HEALTHAXIS,Pharma/Healthcare ETF,INF846K01Z12,Yes,NSE ETF
ETF,ETF,Equity ETF,Yes,HEALTHCARE.NS,HEALTHCARE,MIRAEAMC - HEALTHCARE,Pharma/Healthcare ETF,INF769K01QA6,Yes,NSE ETF
ETF,ETF,Equity ETF,Yes,HEALTHIETF.NS,HEALTHIETF,ICICIPRAMC-ICICIPHARM,Pharma/Healthcare ETF,INF109KC1Q72,Yes,NSE ETF
ETF,ETF,Equity ETF,Yes,HEALTHY.NS,HEALTHY,BIRLASLAMC-HEALTHY,Pharma/Healthcare ETF,INF209KB10C2,Yes,NSE ETF
ETF,ETF,International ETF,Yes,HNGSNGBEES.NS,HNGSNGBEES,NIPINDETFHANGSENGBEES,International ETF,INF204KB19I1,Yes,NSE ETF
ETF,ETF,Commodity ETF,Yes,HSBCGOLD.NS,HSBCGOLD,HSBCAMC - HSBCGOLD,Gold ETF,INF336L01RX2,Yes,NSE ETF
ETF,ETF,International ETF,Yes,ICICIB22.NS,ICICIB22,ICICIPRAMC-BHARATIWIN,International ETF,INF109KB15Y7,Yes,NSE ETF
ETF,ETF,Equity ETF,Yes,IDFNIFTYET.NS,IDFNIFTYET,BANDHANAMC-IDFNIFTYET,Broad Market ETF,INF194KA1U07,Yes,NSE ETF
ETF,ETF,Equity ETF,Yes,INFRA.NS,INFRA,MIRAEAMC - INFRA,Broad Market ETF,INF769K01QB4,Yes,NSE ETF
ETF,ETF,Equity ETF,Yes,INFRABEES.NS,INFRABEES,NIPINDETFINFRABEES,Broad Market ETF,INF732E01268,Yes,NSE ETF
ETF,ETF,Equity ETF,Yes,INFRAIETF.NS,INFRAIETF,ICICIPRAMC-ICICIINFRA,Broad Market ETF,INF109KC16E5,Yes,NSE ETF
ETF,ETF,Equity ETF,Yes,INTERNET.NS,INTERNET,MIRAEAMC - INTERNET,IT ETF,INF769K01PB6,Yes,NSE ETF
ETF,ETF,Equity ETF,Yes,IT.NS,IT,KOTAKMAMC-KOTAKIT,IT ETF,INF174KA1GC5,Yes,NSE ETF
ETF,ETF,Equity ETF,Yes,ITADD.NS,ITADD,DSPAMC - DSPIT,IT ETF,INF740KA1SX1,Yes,NSE ETF
ETF,ETF,Equity ETF,Yes,ITAXIS.NS,ITAXIS,AXISAMC-ITAXIS,IT ETF,INF846K01Y96,Yes,NSE ETF
ETF,ETF,Equity ETF,Yes,ITBEES.NS,ITBEES,NIPINDETFIT,IT ETF,INF204KB15V2,Yes,NSE ETF
ETF,ETF,Equity ETF,Yes,ITBETA.NS,ITBETA,UTIAMC -ITBETA,IT ETF,INF789F1AZD8,Yes,NSE ETF
ETF,ETF,Equity ETF,Yes,ITETF.NS,ITETF,MIRAEAMC-ITETF,IT ETF,INF769K01KV5,Yes,NSE ETF
ETF,ETF,Equity ETF,Yes,ITIETF.NS,ITIETF,ICICIPRAMC-ICICITECH,IT ETF,INF109KC16I6,Yes,NSE ETF
ETF,ETF,Commodity ETF,Yes,IVZINGOLD.NS,IVZINGOLD,InvescoIndiaGoldETF,Gold ETF,INF205KA1BP1,Yes,NSE ETF
ETF,ETF,Parking/Debt ETF,No,IVZINNIFTY.NS,IVZINNIFTY,InvescoMF-NiftyETF,Parking/Debt ETF,INF205K01DA9,Yes,NSE ETF
ETF,ETF,Equity ETF,Yes,JUNIORBEES.NS,JUNIORBEES,NIP IND ETF JUNIOR BEES,Broad Market ETF,INF732E01045,Yes,NSE ETF
ETF,ETF,Commodity ETF,Yes,LICMFGOLD.NS,LICMFGOLD,LICMF LICGoldETF,Gold ETF,INF397L01554,Yes,NSE ETF
ETF,ETF,Parking/Debt ETF,No,LICNETFGSC.NS,LICNETFGSC,LICNAMC-LICNMFET,Parking/Debt ETF,INF767K01MV5,Yes,NSE ETF
ETF,ETF,Equity ETF,Yes,LICNETFN50.NS,LICNETFN50,LICNAMC-LICNFENGP,Broad Market ETF,INF767K01OS7,Yes,NSE ETF
ETF,ETF,Equity ETF,Yes,LICNETFSEN.NS,LICNETFSEN,LICNAMC-LICNFESGP,Broad Market ETF,INF767K01OT5,Yes,NSE ETF
ETF,ETF,Equity ETF,Yes,LICNFNHGP.NS,LICNFNHGP,LICNAMC-LICNFNHGP,Broad Market ETF,INF767K01PC8,Yes,NSE ETF
ETF,ETF,Equity ETF,Yes,LICNMID100.NS,LICNMID100,LICNAMC-LICNMID100,Broad Market ETF,INF767K01RN1,Yes,NSE ETF
ETF,ETF,Parking/Debt ETF,No,LIQGRWBEES.NS,LIQGRWBEES,NIPPONAMC - LIQGRWBEES,Parking/Debt ETF,INF204KC1FU1,Yes,NSE ETF
ETF,ETF,Parking/Debt ETF,No,LIQUID.NS,LIQUID,MIRAEAMC-LIQUID,Parking/Debt ETF,INF769K01KS1,Yes,NSE ETF
ETF,ETF,Parking/Debt ETF,No,LIQUID1.NS,LIQUID1,KOTAKMAMC-KOTAKLIQ,Parking/Debt ETF,INF174KA1LV5,Yes,NSE ETF
ETF,ETF,Parking/Debt ETF,No,LIQUIDADD.NS,LIQUIDADD,DSPAMC-LIQUIDADD,Parking/Debt ETF,INF740KA1UM0,Yes,NSE ETF
ETF,ETF,Parking/Debt ETF,No,LIQUIDBEES.NS,LIQUIDBEES,NIPINDETFLIQUIDBEES,Parking/Debt ETF,INF732E01037,Yes,NSE ETF
ETF,ETF,Parking/Debt ETF,No,LIQUIDBETF.NS,LIQUIDBETF,BFAM-LIQUIDBETF,Parking/Debt ETF,INF0QA701854,Yes,NSE ETF
ETF,ETF,Parking/Debt ETF,No,LIQUIDCASE.NS,LIQUIDCASE,ZERODHAAMC-LIQUIDCASE,Parking/Debt ETF,INF0R8F01034,Yes,NSE ETF
ETF,ETF,Parking/Debt ETF,No,LIQUIDETF.NS,LIQUIDETF,DSPAMC-LIQUIDETF,Parking/Debt ETF,INF740KA1EU7,Yes,NSE ETF
ETF,ETF,Parking/Debt ETF,No,LIQUIDIETF.NS,LIQUIDIETF,ICICIPRAMC-ICICILIQ,Parking/Debt ETF,INF109KC1KT9,Yes,NSE ETF
ETF,ETF,Parking/Debt ETF,No,LIQUIDPLUS.NS,LIQUIDPLUS,MIRAEAMC - LIQUIDPLUS,Parking/Debt ETF,INF769K01MY5,Yes,NSE ETF
ETF,ETF,Parking/Debt ETF,No,LIQUIDSBI.NS,LIQUIDSBI,SBIAMC-LIQUIDSBI,Parking/Debt ETF,INF200KA13Z8,Yes,NSE ETF
ETF,ETF,Parking/Debt ETF,No,LIQUIDSHRI.NS,LIQUIDSHRI,SHRIRAM - LIQUIDSHRI,Parking/Debt ETF,INF680P01422,Yes,NSE ETF
ETF,ETF,Equity ETF,Yes,LOWVOL.NS,LOWVOL,MIRAEAMC-MANV30F,IT ETF,INF769K01JU9,Yes,NSE ETF
ETF,ETF,Equity ETF,Yes,LOWVOL1.NS,LOWVOL1,KOTAKMAMC-KOTAKLOVOL,Broad Market ETF,INF174KA1IY5,Yes,NSE ETF
ETF,ETF,Equity ETF,Yes,LOWVOLIETF.NS,LOWVOLIETF,ICICIPruNiftyLowvol30,IT ETF,INF109KC19U5,Yes,NSE ETF
ETF,ETF,Parking/Debt ETF,No,LTGILTBEES.NS,LTGILTBEES,NIPINDETFLONGTERMGILT,Parking/Debt ETF,INF204KB1882,Yes,NSE ETF
ETF,ETF,Parking/Debt ETF,No,LTGILTCASE.NS,LTGILTCASE,ZERODHAAMC - LTGILTCASE,Parking/Debt ETF,INF0R8F01133,Yes,NSE ETF
ETF,ETF,International ETF,Yes,MAFANG.NS,MAFANG,MIRAEAMC-MAFANG,International ETF,INF769K01HF4,Yes,NSE ETF
ETF,ETF,International ETF,Yes,MAHKTECH.NS,MAHKTECH,MIRAEAMC-MAHKTECH,International ETF,INF769K01HS7,Yes,NSE ETF
ETF,ETF,Equity ETF,Yes,MAKEINDIA.NS,MAKEINDIA,MIRAEAMC-MAMFGETF,Broad Market ETF,INF769K01IB1,Yes,NSE ETF
ETF,ETF,Equity ETF,Yes,MANUFGBEES.NS,MANUFGBEES,NIPPONAMC - MANUFGBEES,Broad Market ETF,INF204KC1GH6,Yes,NSE ETF
ETF,ETF,International ETF,Yes,MASPTOP50.NS,MASPTOP50,MIRAEAMC-MASPTOP50,International ETF,INF769K01HP3,Yes,NSE ETF
ETF,ETF,Equity ETF,Yes,METAL.NS,METAL,MIRAEAMC - METAL,Broad Market ETF,INF769K01LY7,Yes,NSE ETF
ETF,ETF,Equity ETF,Yes,METALIETF.NS,METALIETF,ICICIPRAMC - METALIETF,Broad Market ETF,INF109KC19W1,Yes,NSE ETF
ETF,ETF,Equity ETF,Yes,MID150.NS,MID150,KOTAKMAMC - MID150,Broad Market ETF,INF174KA1VW2,Yes,NSE ETF
ETF,ETF,Equity ETF,Yes,MID150BEES.NS,MID150BEES,NIPINDETFMIDCAP150,Broad Market ETF,INF204KB1V68,Yes,NSE ETF
ETF,ETF,Equity ETF,Yes,MID150CASE.NS,MID150CASE,ZERODHAAMC-MID150CASE,Broad Market ETF,INF0R8F01059,Yes,NSE ETF
ETF,ETF,Equity ETF,Yes,MIDCAP.NS,MIDCAP,KOTAKMAMC-KOTAKMID50,Broad Market ETF,INF174KA1ZC5,Yes,NSE ETF
ETF,ETF,Equity ETF,Yes,MIDCAPADD.NS,MIDCAPADD,DSPAMC - MIDCAPADD,Broad Market ETF,INF740KA1WW5,Yes,NSE ETF
ETF,ETF,International ETF,Yes,MIDCAPBETA.NS,MIDCAPBETA,UTIAMC-MIDCAPBETA,International ETF,INF789F1AYX9,Yes,NSE ETF
ETF,ETF,Equity ETF,Yes,MIDCAPETF.NS,MIDCAPETF,MIRAEAMC-MAM150ETF,Broad Market ETF,INF769K01IC9,Yes,NSE ETF
ETF,ETF,Equity ETF,Yes,MIDCAPIETF.NS,MIDCAPIETF,ICICIPRAMC-ICICIM150,Broad Market ETF,INF109KC11W8,Yes,NSE ETF
ETF,ETF,Equity ETF,Yes,MIDQ50ADD.NS,MIDQ50ADD,DSPAMC-DSPQ50ETF,IT ETF,INF740KA1ZF3,Yes,NSE ETF
ETF,ETF,Equity ETF,Yes,MIDSELIETF.NS,MIDSELIETF,ICICIPruMidcapSelETF,Broad Market ETF,INF109KC10W0,Yes,NSE ETF
ETF,ETF,Equity ETF,Yes,MIDSMALL.NS,MIDSMALL,MIRAEAMC-MIDSMALL,IT ETF,INF769K01LJ8,Yes,NSE ETF
ETF,ETF,Equity ETF,Yes,MNC.NS,MNC,KOTAKMAMC-KOTAKMNC,Broad Market ETF,INF174KA1JF2,Yes,NSE ETF
ETF,ETF,Equity ETF,Yes,MOALPHA50.NS,MOALPHA50,MOTILALAMC - MOALPHA50,Factor ETF,INF247L01FR8,Yes,NSE ETF
ETF,ETF,Equity ETF,Yes,MOBANK10.NS,MOBANK10,MOTILALAMC - MOBANK10,Bank/Financial ETF,INF247L01GV8,Yes,NSE ETF
ETF,ETF,Equity ETF,Yes,MOCAPITAL.NS,MOCAPITAL,MOTILALAMC - MOCAPITAL,IT ETF,INF247L01EV3,Yes,NSE ETF
ETF,ETF,Parking/Debt ETF,No,MODEFENCE.NS,MODEFENCE,MOTILALAMC - MODEFENCE,Parking/Debt ETF,INF247L01DJ0,Yes,NSE ETF
ETF,ETF,Equity ETF,Yes,MOENERGY.NS,MOENERGY,MOTILALAMC - MOENERGY,Broad Market ETF,INF247L01GH7,Yes,NSE ETF
ETF,ETF,Commodity ETF,Yes,MOGOLD.NS,MOGOLD,MOTILALAMC - MOGOLD,Gold ETF,INF247L01FY4,Yes,NSE ETF
ETF,ETF,Parking/Debt ETF,No,MOGSEC.NS,MOGSEC,MOTILALAMC-G5,Parking/Debt ETF,INF247L01AK4,Yes,NSE ETF
ETF,ETF,International ETF,Yes,MOHEALTH.NS,MOHEALTH,MOTILALAMC-MOHEALTH,International ETF,INF247L01BB1,Yes,NSE ETF
ETF,ETF,Equity ETF,Yes,MOINFRA.NS,MOINFRA,MOTILALAMC - MOINFRA,ETF,INF247L01FL1,Yes,NSE ETF
ETF,ETF,Equity ETF,Yes,MOIPO.NS,MOIPO,MOTILALAMC - MOIPO,ETF,INF247L01GI5,Yes,NSE ETF
ETF,ETF,Equity ETF,Yes,MOLOWVOL.NS,MOLOWVOL,MOTILALAMC-MOLOWVOL,Broad Market ETF,INF247L01BL0,Yes,NSE ETF
ETF,ETF,Equity ETF,Yes,MOM100.NS,MOM100,MotilalOsMidcap100ETF,Broad Market ETF,INF247L01023,Yes,NSE ETF
ETF,ETF,Equity ETF,Yes,MOM30IETF.NS,MOM30IETF,ICICIPRAMC-ICICIMOM30,Factor ETF,INF109KC17C7,Yes,NSE ETF
ETF,ETF,Equity ETF,Yes,MOM50.NS,MOM50,MotilalOswalM50ETF,Broad Market ETF,INF247L01536,Yes,NSE ETF
ETF,ETF,Equity ETF,Yes,MOMENTUM.NS,MOMENTUM,BIRLASLAMC-MOMENTUM,IT ETF,INF209KB14K7,Yes,NSE ETF
ETF,ETF,Equity ETF,Yes,MOMENTUM30.NS,MOMENTUM30,KOTAKMAMC - MOMENTUM30,Factor ETF,INF174KA1XS6,Yes,NSE ETF
ETF,ETF,Parking/Debt ETF,No,MOMENTUM50.NS,MOMENTUM50,MOTILALAMC - MOMENTUM50,Parking/Debt ETF,INF247L01DK8,Yes,NSE ETF
ETF,ETF,Equity ETF,Yes,MOMGF.NS,MOMGF,MOTILALAMC - MOMGF,Broad Market ETF,INF247L01FK3,Yes,NSE ETF
ETF,ETF,Equity ETF,Yes,MOMIDMTM.NS,MOMIDMTM,MOTILALAMC - MOMIDMTM,Factor ETF,INF247L01FQ0,Yes,NSE ETF
ETF,ETF,Equity ETF,Yes,MOMNC.NS,MOMNC,MOTILALAMC - MOMNC,Broad Market ETF,INF247L01GK1,Yes,NSE ETF
ETF,ETF,Equity ETF,Yes,MOMOMENTUM.NS,MOMOMENTUM,MOTILALAMC-MOMOMENTUM,Factor ETF,INF247L01BK2,Yes,NSE ETF
ETF,ETF,International ETF,Yes,MON100.NS,MON100,MotilalOsNASDAQ100ETF,International ETF,INF247L01AP3,Yes,NSE ETF
ETF,ETF,Equity ETF,Yes,MON50EQUAL.NS,MON50EQUAL,MOTILALAMC - MON50EQUAL,Broad Market ETF,INF247L01FC0,Yes,NSE ETF
ETF,ETF,Equity ETF,Yes,MONEXT50.NS,MONEXT50,MOTILALAMC - MONEXT50,Broad Market ETF,INF247L01FD8,Yes,NSE ETF
ETF,ETF,Equity ETF,Yes,MONIFTY100.NS,MONIFTY100,MOTILALAMC - MONIFTY100,Broad Market ETF,INF247L01GG9,Yes,NSE ETF
ETF,ETF,Equity ETF,Yes,MONIFTY500.NS,MONIFTY500,MOTILALAMC-MONIFTY500,Broad Market ETF,INF247L01BU1,Yes,NSE ETF
ETF,ETF,International ETF,Yes,MONQ50.NS,MONQ50,MOTILALAMC-MONQ50,International ETF,INF247L01AU3,Yes,NSE ETF
ETF,ETF,Equity ETF,Yes,MOPSE.NS,MOPSE,MOTILALAMC - MOPSE,Broad Market ETF,INF247L01FO5,Yes,NSE ETF
ETF,ETF,International ETF,Yes,MOQUALITY.NS,MOQUALITY,MOTILALAMC-MOQUALITY,International ETF,INF247L01BH8,Yes,NSE ETF
ETF,ETF,Equity ETF,Yes,MOREALTY.NS,MOREALTY,MOTILALAMC-MOREALTY,Broad Market ETF,INF247L01CI4,Yes,NSE ETF
ETF,ETF,Equity ETF,Yes,MOSERVICE.NS,MOSERVICE,MOTILALAMC - MOSERVICE,Broad Market ETF,INF247L01GJ3,Yes,NSE ETF
ETF,ETF,Commodity ETF,Yes,MOSILVER.NS,MOSILVER,MOTILALAMC - MOSILVER,Silver ETF,INF247L01FZ1,Yes,NSE ETF
ETF,ETF,Equity ETF,Yes,MOSMALL250.NS,MOSMALL250,MOTILALAMC-MOSMALL250,Broad Market ETF,INF247L01CH6,Yes,NSE ETF
ETF,ETF,Equity ETF,Yes,MOTOUR.NS,MOTOUR,MOTILALAMC - MOTOUR,Broad Market ETF,INF247L01FP2,Yes,NSE ETF
ETF,ETF,International ETF,Yes,MOVALUE.NS,MOVALUE,MOTILALAMC-MOVALUE,International ETF,INF247L01BE5,Yes,NSE ETF
ETF,ETF,Equity ETF,Yes,MSCI360.NS,MSCI360,360ONEAMC - MSCI360,ETF,INF579M01BP5,Yes,NSE ETF
ETF,ETF,Equity ETF,Yes,MSCIADD.NS,MSCIADD,DSPAMC - MSCIADD,ETF,INF740KA1WV7,Yes,NSE ETF
ETF,ETF,Equity ETF,Yes,MSCIINDIA.NS,MSCIINDIA,KOTAKMAMC - MSCIINDIA,ETF,INF174KA1VD2,Yes,NSE ETF
ETF,ETF,Equity ETF,Yes,MULTICAP.NS,MULTICAP,MIRAEAMC - MULTICAP,Broad Market ETF,INF769K01LX9,Yes,NSE ETF
ETF,ETF,International ETF,Yes,NETF.NS,NETF,TATAAML-NETF,International ETF,INF277K015R5,Yes,NSE ETF
ETF,ETF,Equity ETF,Yes,NEXT30ADD.NS,NEXT30ADD,DSPAMC - NEXT30ADD,Broad Market ETF,INF740KA1VE5,Yes,NSE ETF
ETF,ETF,Equity ETF,Yes,NEXT50.NS,NEXT50,MIRAEAMC-MANXT50,Broad Market ETF,INF769K01FN2,Yes,NSE ETF
ETF,ETF,Equity ETF,Yes,NEXT50ADD.NS,NEXT50ADD,DSPAMC - NEXT50ADD,Broad Market ETF,INF740KA1XU7,Yes,NSE ETF
ETF,ETF,Equity ETF,Yes,NEXT50BETA.NS,NEXT50BETA,UTIAMC -NEXT50BETA,Broad Market ETF,INF789F1AUW9,Yes,NSE ETF
ETF,ETF,Equity ETF,Yes,NEXT50ETF.NS,NEXT50ETF,KOTAKMAMC - NEXT50ETF,Broad Market ETF,INF174KA1YO3,Yes,NSE ETF
ETF,ETF,Equity ETF,Yes,NEXT50IETF.NS,NEXT50IETF,ICICIPRAMC-ICICINXT50,Broad Market ETF,INF109KC1NS5,Yes,NSE ETF
ETF,ETF,Equity ETF,Yes,NIF100BEES.NS,NIF100BEES,NIPINDETFNIFTY100,Broad Market ETF,INF204K014N5,Yes,NSE ETF
ETF,ETF,Equity ETF,Yes,NIF100IETF.NS,NIF100IETF,ICICIPruNifty100ETF,Broad Market ETF,INF109KC16V9,Yes,NSE ETF
ETF,ETF,Equity ETF,Yes,NIFTY1.NS,NIFTY1,KotakNiftyETF,Broad Market ETF,INF174K014P6,Yes,NSE ETF
ETF,ETF,Equity ETF,Yes,NIFTY100EW.NS,NIFTY100EW,KOTAKMAMC - NIFTY100EW,Broad Market ETF,INF174KA1UW4,Yes,NSE ETF
ETF,ETF,Equity ETF,Yes,NIFTYADD.NS,NIFTYADD,DSPAMC - DSPNIFTY,Broad Market ETF,INF740KA1CL0,Yes,NSE ETF
ETF,ETF,Equity ETF,Yes,NIFTYAXIS.NS,NIFTYAXIS,AXISAMC-NIFTYAXIS,Broad Market ETF,INF846K01W98,Yes,NSE ETF
ETF,ETF,Equity ETF,Yes,NIFTYBEES.NS,NIFTYBEES,NIPINDETFNIFTYBEES,Broad Market ETF,INF204KB14I2,Yes,NSE ETF
ETF,ETF,Equity ETF,Yes,NIFTYBETA.NS,NIFTYBETA,UTIAMC-NIFTYBETA,Broad Market ETF,INF789F1AZC0,Yes,NSE ETF
ETF,ETF,Equity ETF,Yes,NIFTYBETF.NS,NIFTYBETF,BFAM-NIFTYBETF,Broad Market ETF,INF0QA701722,Yes,NSE ETF
ETF,ETF,Equity ETF,Yes,NIFTYCASE.NS,NIFTYCASE,ZERODHAAMC - NIFTYCASE,Broad Market ETF,INF0R8F01166,Yes,NSE ETF
ETF,ETF,Equity ETF,Yes,NIFTYETF.NS,NIFTYETF,MIRAEAMC-MAN50ETF,Broad Market ETF,INF769K01EG9,Yes,NSE ETF
ETF,ETF,Equity ETF,Yes,NIFTYIETF.NS,NIFTYIETF,ICICIPruNiftyETF,Broad Market ETF,INF109K012R6,Yes,NSE ETF
ETF,ETF,Equity ETF,Yes,NIFTYQLITY.NS,NIFTYQLITY,BIRLASLAMC-NIFTYQLITY,IT ETF,INF209KB15K4,Yes,NSE ETF
ETF,ETF,Equity ETF,Yes,NPBET.NS,NPBET,TATAAML-NPBET,Bank/Financial ETF,INF277K010X4,Yes,NSE ETF
ETF,ETF,Equity ETF,Yes,NV20.NS,NV20,KOTAKMAMC-KTKNV20ETF,Factor ETF,INF174KA1ZE1,Yes,NSE ETF
ETF,ETF,Equity ETF,Yes,NV20BEES.NS,NV20BEES,NIPINDETFETFNV20,Factor ETF,INF204KB18I3,Yes,NSE ETF
ETF,ETF,Equity ETF,Yes,NV20IETF.NS,NV20IETF,ICICIPruNV20ETF,Factor ETF,INF109KC11V0,Yes,NSE ETF
ETF,ETF,Equity ETF,Yes,OILIETF.NS,OILIETF,ICICIPRAMC - OILIETF,Broad Market ETF,INF109KC18W3,Yes,NSE ETF
ETF,ETF,Equity ETF,Yes,PHARMABEES.NS,PHARMABEES,NIPPONAMC-NETFPHARMA,Pharma/Healthcare ETF,INF204KC1089,Yes,NSE ETF
ETF,ETF,Equity ETF,Yes,PSUBANK.NS,PSUBANK,KotakMahindraMutualFun,Bank/Financial ETF,INF373I01023,Yes,NSE ETF
ETF,ETF,Equity ETF,Yes,PSUBANKADD.NS,PSUBANKADD,DSPAMC-DSPPSBKETF,Bank/Financial ETF,INF740KA1SY9,Yes,NSE ETF
ETF,ETF,Equity ETF,Yes,PSUBNKBEES.NS,PSUBNKBEES,NIPINDETFPSUBANKBEES,Bank/Financial ETF,INF204KB16I7,Yes,NSE ETF
ETF,ETF,Equity ETF,Yes,PSUBNKIETF.NS,PSUBNKIETF,ICICIPRAMC-PSUBANKICI,Bank/Financial ETF,INF109KC10S8,Yes,NSE ETF
ETF,ETF,Equity ETF,Yes,PVTBANIETF.NS,PVTBANIETF,ICICIPRAMC-ICICIBANKP,Bank/Financial ETF,INF109KC18U7,Yes,NSE ETF
ETF,ETF,Equity ETF,Yes,PVTBANKADD.NS,PVTBANKADD,DSPAMC-DSPPVBKETF,Bank/Financial ETF,INF740KA1TA7,Yes,NSE ETF
ETF,ETF,Equity ETF,Yes,PVTBKGROWW.NS,PVTBKGROWW,GROWWAMC - PVTBKGROWW,Bank/Financial ETF,INF666M01OT5,Yes,NSE ETF
ETF,ETF,Commodity ETF,Yes,QGOLDHALF.NS,QGOLDHALF,QuantumGoldFund-Exchan,Gold ETF,INF082J01408,Yes,NSE ETF
ETF,ETF,Equity ETF,Yes,QNIFTY.NS,QNIFTY,QuantumNiftyETF,Broad Market ETF,INF082J01499,Yes,NSE ETF
ETF,ETF,Equity ETF,Yes,QUAL30IETF.NS,QUAL30IETF,ICICIPRAMC-ICICIQTY30,IT ETF,INF109KC18V5,Yes,NSE ETF
ETF,ETF,Equity ETF,Yes,QUALITY30.NS,QUALITY30,KOTAKMAMC - QUALITY30,IT ETF,INF174KA1WT6,Yes,NSE ETF
ETF,ETF,Equity ETF,Yes,SBIBPB.NS,SBIBPB,SBIAMC - SBIBPB,Bank/Financial ETF,INF200KB1712,Yes,NSE ETF
ETF,ETF,Equity ETF,Yes,SBIETFCON.NS,SBIETFCON,SBIAMC-SBIETFCON,Consumption/FMCG ETF,INF200KA1X17,Yes,NSE ETF
ETF,ETF,Equity ETF,Yes,SBIETFIT.NS,SBIETFIT,SBIAMC-SBIETFIT,IT ETF,INF200KA1S14,Yes,NSE ETF
ETF,ETF,Equity ETF,Yes,SBIETFPB.NS,SBIETFPB,SBIAMC-SBIETFPB,Bank/Financial ETF,INF200KA1S22,Yes,NSE ETF
ETF,ETF,Equity ETF,Yes,SBIETFQLTY.NS,SBIETFQLTY,SBIAMC-SBIETFQLTY,IT ETF,INF200KA1WX6,Yes,NSE ETF
ETF,ETF,Parking/Debt ETF,No,SBILIQETF.NS,SBILIQETF,SBIAMC - SBILIQETF,Parking/Debt ETF,INF200KB1969,Yes,NSE ETF
ETF,ETF,Equity ETF,Yes,SBIMIDMOM.NS,SBIMIDMOM,SBIAMC - SBIMIDMOM,Factor ETF,INF200KB1AJ0,Yes,NSE ETF
ETF,ETF,Equity ETF,Yes,SBINEQWETF.NS,SBINEQWETF,SBIAMC - SBINEQWETF,Broad Market ETF,INF200KB1282,Yes,NSE ETF
ETF,ETF,Equity ETF,Yes,SBINMID150.NS,SBINMID150,SBIAMC - SBINMID150,Broad Market ETF,INF200KB1AK8,Yes,NSE ETF
ETF,ETF,Commodity ETF,Yes,SBISILVER.NS,SBISILVER,SBIAMC - SBISILVER,Silver ETF,INF200KB1217,Yes,NSE ETF
ETF,ETF,Equity ETF,Yes,SBISMLETF.NS,SBISMLETF,SBIAMC - SBISMLETF,Broad Market ETF,INF200KB1AY9,Yes,NSE ETF
ETF,ETF,Equity ETF,Yes,SBIVALETF.NS,SBIVALETF,SBIAMC - SBIVALETF,Factor ETF,INF200KB1AX1,Yes,NSE ETF
ETF,ETF,Equity ETF,Yes,SELECTIPO.NS,SELECTIPO,MIRAEAMC - SELECTIPO,ETF,INF769K01ON4,Yes,NSE ETF
ETF,ETF,International ETF,Yes,SENSEXADD.NS,SENSEXADD,DSPAMC-DSPSENXETF,International ETF,INF740KA1SZ6,Yes,NSE ETF
ETF,ETF,International ETF,Yes,SENSEXAXIS.NS,SENSEXAXIS,AXISAMC-SENSEXAXIS,International ETF,INF846K010Q0,Yes,NSE ETF
ETF,ETF,Equity ETF,Yes,SENSEXBETA.NS,SENSEXBETA,UTIAMC-SENSEXBETA,Broad Market ETF,INF789FB1X58,Yes,NSE ETF
ETF,ETF,International ETF,Yes,SENSEXETF.NS,SENSEXETF,MIRAEAMC-SENSEXETF,International ETF,INF769K01KT9,Yes,NSE ETF
ETF,ETF,Equity ETF,Yes,SENSEXIETF.NS,SENSEXIETF,ICICIPruSensexETF,Broad Market ETF,INF346A01034,Yes,NSE ETF
ETF,ETF,Parking/Debt ETF,No,SETF10GILT.NS,SETF10GILT,SBIAMC-SETF10GILT,Parking/Debt ETF,INF200KA1JT1,Yes,NSE ETF
ETF,ETF,Commodity ETF,Yes,SETFGOLD.NS,SETFGOLD,SBI-ETFGold,Gold ETF,INF200KA16D8,Yes,NSE ETF
ETF,ETF,Equity ETF,Yes,SETFNIF50.NS,SETFNIF50,SBI-ETFNifty50,Broad Market ETF,INF200KA1FS1,Yes,NSE ETF
ETF,ETF,Equity ETF,Yes,SETFNIFBK.NS,SETFNIFBK,SBI-ETFNiftyBank,Bank/Financial ETF,INF200KA1580,Yes,NSE ETF
ETF,ETF,Equity ETF,Yes,SETFNN50.NS,SETFNN50,SBI-ETFNiftyNext50,Bank/Financial ETF,INF200KA1598,Yes,NSE ETF
ETF,ETF,Equity ETF,Yes,SHARIABEES.NS,SHARIABEES,NIPINDETFSHARIAHBEES,ETF,INF732E01128,Yes,NSE ETF
ETF,ETF,Commodity ETF,Yes,SILVER.NS,SILVER,BIRLASLAMC-SILVER,Silver ETF,INF209KB19F6,Yes,NSE ETF
ETF,ETF,Commodity ETF,Yes,SILVER1.NS,SILVER1,KOTAKMAMC-KOTAKSILVE,Silver ETF,INF174KA1ZD3,Yes,NSE ETF
ETF,ETF,Commodity ETF,Yes,SILVER360.NS,SILVER360,360ONEAMC - SILVER360,Silver ETF,INF579M01BC3,Yes,NSE ETF
ETF,ETF,Commodity ETF,Yes,SILVERADD.NS,SILVERADD,DSPAMC-DSPSILVETF,Silver ETF,INF740KA1RE3,Yes,NSE ETF
ETF,ETF,Commodity ETF,Yes,SILVERAG.NS,SILVERAG,MIRAEAMC-MASILVER,Silver ETF,INF769K01KG6,Yes,NSE ETF
ETF,ETF,Commodity ETF,Yes,SILVERAXIS.NS,SILVERAXIS,AXISAMC-SILVERAXIS,Silver ETF,INF846K011K1,Yes,NSE ETF
ETF,ETF,Commodity ETF,Yes,SILVERBEES.NS,SILVERBEES,NIPPONAMC-SILVERBEES,Silver ETF,INF204KC1402,Yes,NSE ETF
ETF,ETF,Commodity ETF,Yes,SILVERBETA.NS,SILVERBETA,UTIAMC-SILVERBETA,Silver ETF,INF789F1AYK6,Yes,NSE ETF
ETF,ETF,Commodity ETF,Yes,SILVERBND.NS,SILVERBND,BANDHANAMC - SILVERBND,Silver ETF,INF194KB1KI9,Yes,NSE ETF
ETF,ETF,Commodity ETF,Yes,SILVERCASE.NS,SILVERCASE,ZERODHAAMC - SILVERCASE,Silver ETF,INF0R8F01091,Yes,NSE ETF
ETF,ETF,Commodity ETF,Yes,SILVERIETF.NS,SILVERIETF,ICICIPRAMC-ICICISILVE,Silver ETF,INF109KC1Y56,Yes,NSE ETF
ETF,ETF,Equity ETF,Yes,SMALL250.NS,SMALL250,MIRAEAMC - SMALL250,Broad Market ETF,INF769K01PQ4,Yes,NSE ETF
ETF,ETF,Equity ETF,Yes,SMALLADD.NS,SMALLADD,DSPAMC - SMALLADD,Broad Market ETF,INF740KA1WX3,Yes,NSE ETF
ETF,ETF,Equity ETF,Yes,SMALLCAP.NS,SMALLCAP,MIRAEAMC-SMALLCAP,IT ETF,INF769K01LC3,Yes,NSE ETF
ETF,ETF,Equity ETF,Yes,SMALLGROWW.NS,SMALLGROWW,GROWWAMC - SMALLGROWW,IT ETF,INF666M01PG9,Yes,NSE ETF
ETF,ETF,Equity ETF,Yes,SMALLIETF.NS,SMALLIETF,ICICIPRAMC - SMALLIETF,Broad Market ETF,INF109K1A476,Yes,NSE ETF
ETF,ETF,Equity ETF,Yes,SML100CASE.NS,SML100CASE,ZERODHAAMC - SML100CASE,Broad Market ETF,INF0R8F01141,Yes,NSE ETF
ETF,ETF,Equity ETF,Yes,SNXT30BEES.NS,SNXT30BEES,NIPPONAMC - SNXT30BEES,Broad Market ETF,INF204KC1EZ3,Yes,NSE ETF
ETF,ETF,Equity ETF,Yes,SNXT50BETA.NS,SNXT50BETA,UTIAMC-SNXT50BETA,Broad Market ETF,INF789F1AUU3,Yes,NSE ETF
ETF,ETF,Commodity ETF,Yes,TATAGOLD.NS,TATAGOLD,TATAAML-TATAGOLD,Gold ETF,INF277KA1976,Yes,NSE ETF
ETF,ETF,Commodity ETF,Yes,TATSILV.NS,TATSILV,TATAAML-TATSILV,Silver ETF,INF277KA1984,Yes,NSE ETF
ETF,ETF,Parking/Debt ETF,No,TECH.NS,TECH,BIRLASLAMC-TECH,Parking/Debt ETF,INF209KB11D8,Yes,NSE ETF
ETF,ETF,Equity ETF,Yes,TNIDETF.NS,TNIDETF,TATAAML-TNIDETF,IT ETF,INF277KA1364,Yes,NSE ETF
ETF,ETF,Equity ETF,Yes,TOP100CASE.NS,TOP100CASE,ZERODHAAMC-TOP100CASE,Broad Market ETF,INF0R8F01067,Yes,NSE ETF
ETF,ETF,Equity ETF,Yes,TOP10ADD.NS,TOP10ADD,DSPAMC - TOP10ADD,Broad Market ETF,INF740KA1UR9,Yes,NSE ETF
ETF,ETF,Equity ETF,Yes,TOP15IETF.NS,TOP15IETF,ICICIPRAMC - TOP15IETF,Broad Market ETF,INF109K1A344,Yes,NSE ETF
ETF,ETF,Equity ETF,Yes,TOP20.NS,TOP20,MIRAEAMC - TOP20,Broad Market ETF,INF769K01PZ5,Yes,NSE ETF
ETF,ETF,Commodity ETF,Yes,TWCGOLDETF.NS,TWCGOLDETF,WEALTH - TWCGOLDETF,Gold ETF,INF2F0001370,Yes,NSE ETF
ETF,ETF,Commodity ETF,Yes,UNIONGOLD.NS,UNIONGOLD,UNIONAMC - UNIONGOLD,Gold ETF,INF582M01KS4,Yes,NSE ETF
ETF,ETF,Equity ETF,Yes,VAL30IETF.NS,VAL30IETF,ICICIPRAMC - VAL30IETF,Factor ETF,INF109KC16X5,Yes,NSE ETF
ETF,ETF,Equity ETF,Yes,VALUE.NS,VALUE,MIRAEAMC - VALUE,Factor ETF,INF769K01QV2,Yes,NSE ETF
ETF,ETF,Equity ETF,Yes,VALUEAXIS.NS,VALUEAXIS,AXISAMC-VALUEAXIS,Factor ETF,INF846KA1119,Yes,NSE ETF
Stock,Nifty50,Stock,Yes,ADANIENT.NS,ADANIENT,Adani Enterprises Ltd.,Metals & Mining,INE423A01024,Yes,Nifty50
Stock,Nifty50,Stock,Yes,ADANIPORTS.NS,ADANIPORTS,Adani Ports and Special Economic Zone Ltd.,Services,INE742F01042,Yes,Nifty50
Stock,Nifty50,Stock,Yes,APOLLOHOSP.NS,APOLLOHOSP,Apollo Hospitals Enterprise Ltd.,Healthcare,INE437A01024,Yes,Nifty50
Stock,Nifty50,Stock,Yes,ASIANPAINT.NS,ASIANPAINT,Asian Paints Ltd.,Consumer Durables,INE021A01026,Yes,Nifty50
Stock,Nifty50,Stock,Yes,AXISBANK.NS,AXISBANK,Axis Bank Ltd.,Financial Services,INE238A01034,Yes,Nifty50
Stock,Nifty50,Stock,Yes,BAJAJ-AUTO.NS,BAJAJ-AUTO,Bajaj Auto Ltd.,Automobile and Auto Components,INE917I01010,Yes,Nifty50
Stock,Nifty50,Stock,Yes,BAJAJFINSV.NS,BAJAJFINSV,Bajaj Finserv Ltd.,Financial Services,INE918I01026,Yes,Nifty50
Stock,Nifty50,Stock,Yes,BAJFINANCE.NS,BAJFINANCE,Bajaj Finance Ltd.,Financial Services,INE296A01032,Yes,Nifty50
Stock,Nifty50,Stock,Yes,BEL.NS,BEL,Bharat Electronics Ltd.,Capital Goods,INE263A01024,Yes,Nifty50
Stock,Nifty50,Stock,Yes,BHARTIARTL.NS,BHARTIARTL,Bharti Airtel Ltd.,Telecommunication,INE397D01024,Yes,Nifty50
Stock,Nifty50,Stock,Yes,CIPLA.NS,CIPLA,Cipla Ltd.,Healthcare,INE059A01026,Yes,Nifty50
Stock,Nifty50,Stock,Yes,COALINDIA.NS,COALINDIA,Coal India Ltd.,Oil Gas & Consumable Fuels,INE522F01014,Yes,Nifty50
Stock,Nifty50,Stock,Yes,DRREDDY.NS,DRREDDY,Dr. Reddy's Laboratories Ltd.,Healthcare,INE089A01031,Yes,Nifty50
Stock,Nifty50,Stock,Yes,EICHERMOT.NS,EICHERMOT,Eicher Motors Ltd.,Automobile and Auto Components,INE066A01021,Yes,Nifty50
Stock,Nifty50,Stock,Yes,ETERNAL.NS,ETERNAL,Eternal Ltd.,Consumer Services,INE758T01015,Yes,Nifty50
Stock,Nifty50,Stock,Yes,GRASIM.NS,GRASIM,Grasim Industries Ltd.,Construction Materials,INE047A01021,Yes,Nifty50
Stock,Nifty50,Stock,Yes,HCLTECH.NS,HCLTECH,HCL Technologies Ltd.,Information Technology,INE860A01027,Yes,Nifty50
Stock,Nifty50,Stock,Yes,HDFCBANK.NS,HDFCBANK,HDFC Bank Ltd.,Financial Services,INE040A01034,Yes,Nifty50
Stock,Nifty50,Stock,Yes,HDFCLIFE.NS,HDFCLIFE,HDFC Life Insurance Company Ltd.,Financial Services,INE795G01014,Yes,Nifty50
Stock,Nifty50,Stock,Yes,HINDALCO.NS,HINDALCO,Hindalco Industries Ltd.,Metals & Mining,INE038A01020,Yes,Nifty50
Stock,Nifty50,Stock,Yes,HINDUNILVR.NS,HINDUNILVR,Hindustan Unilever Ltd.,Fast Moving Consumer Goods,INE030A01027,Yes,Nifty50
Stock,Nifty50,Stock,Yes,ICICIBANK.NS,ICICIBANK,ICICI Bank Ltd.,Financial Services,INE090A01021,Yes,Nifty50
Stock,Nifty50,Stock,Yes,INDIGO.NS,INDIGO,InterGlobe Aviation Ltd.,Services,INE646L01027,Yes,Nifty50
Stock,Nifty50,Stock,Yes,INFY.NS,INFY,Infosys Ltd.,Information Technology,INE009A01021,Yes,Nifty50
Stock,Nifty50,Stock,Yes,ITC.NS,ITC,ITC Ltd.,Fast Moving Consumer Goods,INE154A01025,Yes,Nifty50
Stock,Nifty50,Stock,Yes,JIOFIN.NS,JIOFIN,Jio Financial Services Ltd.,Financial Services,INE758E01017,Yes,Nifty50
Stock,Nifty50,Stock,Yes,JSWSTEEL.NS,JSWSTEEL,JSW Steel Ltd.,Metals & Mining,INE019A01038,Yes,Nifty50
Stock,Nifty50,Stock,Yes,KOTAKBANK.NS,KOTAKBANK,Kotak Mahindra Bank Ltd.,Financial Services,INE237A01036,Yes,Nifty50
Stock,Nifty50,Stock,Yes,LT.NS,LT,Larsen & Toubro Ltd.,Construction,INE018A01030,Yes,Nifty50
Stock,Nifty50,Stock,Yes,M&M.NS,M&M,Mahindra & Mahindra Ltd.,Automobile and Auto Components,INE101A01026,Yes,Nifty50
Stock,Nifty50,Stock,Yes,MARUTI.NS,MARUTI,Maruti Suzuki India Ltd.,Automobile and Auto Components,INE585B01010,Yes,Nifty50
Stock,Nifty50,Stock,Yes,MAXHEALTH.NS,MAXHEALTH,Max Healthcare Institute Ltd.,Healthcare,INE027H01010,Yes,Nifty50
Stock,Nifty50,Stock,Yes,NESTLEIND.NS,NESTLEIND,Nestle India Ltd.,Fast Moving Consumer Goods,INE239A01024,Yes,Nifty50
Stock,Nifty50,Stock,Yes,NTPC.NS,NTPC,NTPC Ltd.,Power,INE733E01010,Yes,Nifty50
Stock,Nifty50,Stock,Yes,ONGC.NS,ONGC,Oil & Natural Gas Corporation Ltd.,Oil Gas & Consumable Fuels,INE213A01029,Yes,Nifty50
Stock,Nifty50,Stock,Yes,POWERGRID.NS,POWERGRID,Power Grid Corporation of India Ltd.,Power,INE752E01010,Yes,Nifty50
Stock,Nifty50,Stock,Yes,RELIANCE.NS,RELIANCE,Reliance Industries Ltd.,Oil Gas & Consumable Fuels,INE002A01018,Yes,Nifty50
Stock,Nifty50,Stock,Yes,SBILIFE.NS,SBILIFE,SBI Life Insurance Company Ltd.,Financial Services,INE123W01016,Yes,Nifty50
Stock,Nifty50,Stock,Yes,SBIN.NS,SBIN,State Bank of India,Financial Services,INE062A01020,Yes,Nifty50
Stock,Nifty50,Stock,Yes,SHRIRAMFIN.NS,SHRIRAMFIN,Shriram Finance Ltd.,Financial Services,INE721A01047,Yes,Nifty50
Stock,Nifty50,Stock,Yes,SUNPHARMA.NS,SUNPHARMA,Sun Pharmaceutical Industries Ltd.,Healthcare,INE044A01036,Yes,Nifty50
Stock,Nifty50,Stock,Yes,TATACONSUM.NS,TATACONSUM,Tata Consumer Products Ltd.,Fast Moving Consumer Goods,INE192A01025,Yes,Nifty50
Stock,Nifty50,Stock,Yes,TATASTEEL.NS,TATASTEEL,Tata Steel Ltd.,Metals & Mining,INE081A01020,Yes,Nifty50
Stock,Nifty50,Stock,Yes,TCS.NS,TCS,Tata Consultancy Services Ltd.,Information Technology,INE467B01029,Yes,Nifty50
Stock,Nifty50,Stock,Yes,TECHM.NS,TECHM,Tech Mahindra Ltd.,Information Technology,INE669C01036,Yes,Nifty50
Stock,Nifty50,Stock,Yes,TITAN.NS,TITAN,Titan Company Ltd.,Consumer Durables,INE280A01028,Yes,Nifty50
Stock,Nifty50,Stock,Yes,TMPV.NS,TMPV,Tata Motors Passenger Vehicles Ltd.,Automobile and Auto Components,INE155A01022,Yes,Nifty50
Stock,Nifty50,Stock,Yes,TRENT.NS,TRENT,Trent Ltd.,Consumer Services,INE849A01020,Yes,Nifty50
Stock,Nifty50,Stock,Yes,ULTRACEMCO.NS,ULTRACEMCO,UltraTech Cement Ltd.,Construction Materials,INE481G01011,Yes,Nifty50
Stock,Nifty50,Stock,Yes,WIPRO.NS,WIPRO,Wipro Ltd.,Information Technology,INE075A01022,Yes,Nifty50
Stock,NiftyMidcap150,Stock,Yes,360ONE.NS,360ONE,360 ONE WAM Ltd.,Financial Services,INE466L01038,Yes,NiftyMidcap150
Stock,NiftyMidcap150,Stock,Yes,3MINDIA.NS,3MINDIA,3M India Ltd.,Diversified,INE470A01017,Yes,NiftyMidcap150
Stock,NiftyMidcap150,Stock,Yes,ABBOTINDIA.NS,ABBOTINDIA,Abbott India Ltd.,Healthcare,INE358A01014,Yes,NiftyMidcap150
Stock,NiftyMidcap150,Stock,Yes,ABCAPITAL.NS,ABCAPITAL,Aditya Birla Capital Ltd.,Financial Services,INE674K01013,Yes,NiftyMidcap150
Stock,NiftyMidcap150,Stock,Yes,ACC.NS,ACC,ACC Ltd.,Construction Materials,INE012A01025,Yes,NiftyMidcap150
Stock,NiftyMidcap150,Stock,Yes,AIAENG.NS,AIAENG,AIA Engineering Ltd.,Capital Goods,INE212H01026,Yes,NiftyMidcap150
Stock,NiftyMidcap150,Stock,Yes,AIIL.NS,AIIL,Authum Investment & Infrastructure Ltd.,Financial Services,INE206F01022,Yes,NiftyMidcap150
Stock,NiftyMidcap150,Stock,Yes,AJANTPHARM.NS,AJANTPHARM,Ajanta Pharmaceuticals Ltd.,Healthcare,INE031B01049,Yes,NiftyMidcap150
Stock,NiftyMidcap150,Stock,Yes,ALKEM.NS,ALKEM,Alkem Laboratories Ltd.,Healthcare,INE540L01014,Yes,NiftyMidcap150
Stock,NiftyMidcap150,Stock,Yes,ANTHEM.NS,ANTHEM,Anthem Biosciences Ltd.,Healthcare,INE0CZ201020,Yes,NiftyMidcap150
Stock,NiftyMidcap150,Stock,Yes,APARINDS.NS,APARINDS,Apar Industries Ltd.,Capital Goods,INE372A01015,Yes,NiftyMidcap150
Stock,NiftyMidcap150,Stock,Yes,APLAPOLLO.NS,APLAPOLLO,APL Apollo Tubes Ltd.,Capital Goods,INE702C01027,Yes,NiftyMidcap150
Stock,NiftyMidcap150,Stock,Yes,APOLLOTYRE.NS,APOLLOTYRE,Apollo Tyres Ltd.,Automobile and Auto Components,INE438A01022,Yes,NiftyMidcap150
Stock,NiftyMidcap150,Stock,Yes,ASHOKLEY.NS,ASHOKLEY,Ashok Leyland Ltd.,Capital Goods,INE208A01029,Yes,NiftyMidcap150
Stock,NiftyMidcap150,Stock,Yes,ASTRAL.NS,ASTRAL,Astral Ltd.,Capital Goods,INE006I01046,Yes,NiftyMidcap150
Stock,NiftyMidcap150,Stock,Yes,ATGL.NS,ATGL,Adani Total Gas Ltd.,Oil Gas & Consumable Fuels,INE399L01023,Yes,NiftyMidcap150
Stock,NiftyMidcap150,Stock,Yes,AUBANK.NS,AUBANK,AU Small Finance Bank Ltd.,Financial Services,INE949L01017,Yes,NiftyMidcap150
Stock,NiftyMidcap150,Stock,Yes,AUROPHARMA.NS,AUROPHARMA,Aurobindo Pharma Ltd.,Healthcare,INE406A01037,Yes,NiftyMidcap150
Stock,NiftyMidcap150,Stock,Yes,AWL.NS,AWL,AWL Agri Business Ltd.,Fast Moving Consumer Goods,INE699H01024,Yes,NiftyMidcap150
Stock,NiftyMidcap150,Stock,Yes,BAJAJHFL.NS,BAJAJHFL,Bajaj Housing Finance Ltd.,Financial Services,INE377Y01014,Yes,NiftyMidcap150
Stock,NiftyMidcap150,Stock,Yes,BALKRISIND.NS,BALKRISIND,Balkrishna Industries Ltd.,Automobile and Auto Components,INE787D01026,Yes,NiftyMidcap150
Stock,NiftyMidcap150,Stock,Yes,BANKINDIA.NS,BANKINDIA,Bank of India,Financial Services,INE084A01016,Yes,NiftyMidcap150
Stock,NiftyMidcap150,Stock,Yes,BDL.NS,BDL,Bharat Dynamics Ltd.,Capital Goods,INE171Z01026,Yes,NiftyMidcap150
Stock,NiftyMidcap150,Stock,Yes,BERGEPAINT.NS,BERGEPAINT,Berger Paints India Ltd.,Consumer Durables,INE463A01038,Yes,NiftyMidcap150
Stock,NiftyMidcap150,Stock,Yes,BHARATFORG.NS,BHARATFORG,Bharat Forge Ltd.,Automobile and Auto Components,INE465A01025,Yes,NiftyMidcap150
Stock,NiftyMidcap150,Stock,Yes,BHARTIHEXA.NS,BHARTIHEXA,Bharti Hexacom Ltd.,Telecommunication,INE343G01021,Yes,NiftyMidcap150
Stock,NiftyMidcap150,Stock,Yes,BHEL.NS,BHEL,Bharat Heavy Electricals Ltd.,Capital Goods,INE257A01026,Yes,NiftyMidcap150
Stock,NiftyMidcap150,Stock,Yes,BIOCON.NS,BIOCON,Biocon Ltd.,Healthcare,INE376G01013,Yes,NiftyMidcap150
Stock,NiftyMidcap150,Stock,Yes,BLUESTARCO.NS,BLUESTARCO,Blue Star Ltd.,Consumer Durables,INE472A01039,Yes,NiftyMidcap150
Stock,NiftyMidcap150,Stock,Yes,BSE.NS,BSE,BSE Ltd.,Financial Services,INE118H01025,Yes,NiftyMidcap150
Stock,NiftyMidcap150,Stock,Yes,COCHINSHIP.NS,COCHINSHIP,Cochin Shipyard Ltd.,Capital Goods,INE704P01025,Yes,NiftyMidcap150
Stock,NiftyMidcap150,Stock,Yes,COFORGE.NS,COFORGE,Coforge Ltd.,Information Technology,INE591G01025,Yes,NiftyMidcap150
Stock,NiftyMidcap150,Stock,Yes,COLPAL.NS,COLPAL,Colgate Palmolive (India) Ltd.,Fast Moving Consumer Goods,INE259A01022,Yes,NiftyMidcap150
Stock,NiftyMidcap150,Stock,Yes,CONCOR.NS,CONCOR,Container Corporation of India Ltd.,Services,INE111A01025,Yes,NiftyMidcap150
Stock,NiftyMidcap150,Stock,Yes,COROMANDEL.NS,COROMANDEL,Coromandel International Ltd.,Chemicals,INE169A01031,Yes,NiftyMidcap150
Stock,NiftyMidcap150,Stock,Yes,CRISIL.NS,CRISIL,CRISIL Ltd.,Financial Services,INE007A01025,Yes,NiftyMidcap150
Stock,NiftyMidcap150,Stock,Yes,DABUR.NS,DABUR,Dabur India Ltd.,Fast Moving Consumer Goods,INE016A01026,Yes,NiftyMidcap150
Stock,NiftyMidcap150,Stock,Yes,DALBHARAT.NS,DALBHARAT,Dalmia Bharat Ltd.,Construction Materials,INE00R701025,Yes,NiftyMidcap150
Stock,NiftyMidcap150,Stock,Yes,DIXON.NS,DIXON,Dixon Technologies (India) Ltd.,Consumer Durables,INE935N01020,Yes,NiftyMidcap150
Stock,NiftyMidcap150,Stock,Yes,ENDURANCE.NS,ENDURANCE,Endurance Technologies Ltd.,Automobile and Auto Components,INE913H01037,Yes,NiftyMidcap150
Stock,NiftyMidcap150,Stock,Yes,ESCORTS.NS,ESCORTS,Escorts Kubota Ltd.,Capital Goods,INE042A01014,Yes,NiftyMidcap150
Stock,NiftyMidcap150,Stock,Yes,EXIDEIND.NS,EXIDEIND,Exide Industries Ltd.,Automobile and Auto Components,INE302A01020,Yes,NiftyMidcap150
Stock,NiftyMidcap150,Stock,Yes,FEDERALBNK.NS,FEDERALBNK,Federal Bank Ltd.,Financial Services,INE171A01029,Yes,NiftyMidcap150
Stock,NiftyMidcap150,Stock,Yes,FLUOROCHEM.NS,FLUOROCHEM,Gujarat Fluorochemicals Ltd.,Chemicals,INE09N301011,Yes,NiftyMidcap150
Stock,NiftyMidcap150,Stock,Yes,FORTIS.NS,FORTIS,Fortis Healthcare Ltd.,Healthcare,INE061F01013,Yes,NiftyMidcap150
Stock,NiftyMidcap150,Stock,Yes,GICRE.NS,GICRE,General Insurance Corporation of India,Financial Services,INE481Y01014,Yes,NiftyMidcap150
Stock,NiftyMidcap150,Stock,Yes,GLAXO.NS,GLAXO,Glaxosmithkline Pharmaceuticals Ltd.,Healthcare,INE159A01016,Yes,NiftyMidcap150
Stock,NiftyMidcap150,Stock,Yes,GLENMARK.NS,GLENMARK,Glenmark Pharmaceuticals Ltd.,Healthcare,INE935A01035,Yes,NiftyMidcap150
Stock,NiftyMidcap150,Stock,Yes,GMRAIRPORT.NS,GMRAIRPORT,GMR Airports Ltd.,Services,INE776C01039,Yes,NiftyMidcap150
Stock,NiftyMidcap150,Stock,Yes,GODFRYPHLP.NS,GODFRYPHLP,Godfrey Phillips India Ltd.,Fast Moving Consumer Goods,INE260B01028,Yes,NiftyMidcap150
Stock,NiftyMidcap150,Stock,Yes,GODREJIND.NS,GODREJIND,Godrej Industries Ltd.,Diversified,INE233A01035,Yes,NiftyMidcap150
Stock,NiftyMidcap150,Stock,Yes,GODREJPROP.NS,GODREJPROP,Godrej Properties Ltd.,Realty,INE484J01027,Yes,NiftyMidcap150
Stock,NiftyMidcap150,Stock,Yes,GROWW.NS,GROWW,Billionbrains Garage Ventures Ltd.,Financial Services,INE0HOQ01053,Yes,NiftyMidcap150
Stock,NiftyMidcap150,Stock,Yes,GVT&D.NS,GVT&D,GE Vernova T&D India Ltd.,Capital Goods,INE200A01026,Yes,NiftyMidcap150
Stock,NiftyMidcap150,Stock,Yes,HAVELLS.NS,HAVELLS,Havells India Ltd.,Consumer Durables,INE176B01034,Yes,NiftyMidcap150
Stock,NiftyMidcap150,Stock,Yes,HDBFS.NS,HDBFS,HDB Financial Services Ltd.,Financial Services,INE756I01012,Yes,NiftyMidcap150
Stock,NiftyMidcap150,Stock,Yes,HEROMOTOCO.NS,HEROMOTOCO,Hero MotoCorp Ltd.,Automobile and Auto Components,INE158A01026,Yes,NiftyMidcap150
Stock,NiftyMidcap150,Stock,Yes,HEXT.NS,HEXT,Hexaware Technologies Ltd.,Information Technology,INE093A01041,Yes,NiftyMidcap150
Stock,NiftyMidcap150,Stock,Yes,HINDPETRO.NS,HINDPETRO,Hindustan Petroleum Corporation Ltd.,Oil Gas & Consumable Fuels,INE094A01015,Yes,NiftyMidcap150
Stock,NiftyMidcap150,Stock,Yes,HONAUT.NS,HONAUT,Honeywell Automation India Ltd.,Capital Goods,INE671A01010,Yes,NiftyMidcap150
Stock,NiftyMidcap150,Stock,Yes,HUDCO.NS,HUDCO,Housing & Urban Development Corporation Ltd.,Financial Services,INE031A01017,Yes,NiftyMidcap150
Stock,NiftyMidcap150,Stock,Yes,ICICIAMC.NS,ICICIAMC,ICICI Prudential Asset Management Company Ltd.,Financial Services,INE346A01027,Yes,NiftyMidcap150
Stock,NiftyMidcap150,Stock,Yes,ICICIGI.NS,ICICIGI,ICICI Lombard General Insurance Company Ltd.,Financial Services,INE765G01017,Yes,NiftyMidcap150
Stock,NiftyMidcap150,Stock,Yes,ICICIPRULI.NS,ICICIPRULI,ICICI Prudential Life Insurance Company Ltd.,Financial Services,INE726G01019,Yes,NiftyMidcap150
Stock,NiftyMidcap150,Stock,Yes,IDEA.NS,IDEA,Vodafone Idea Ltd.,Telecommunication,INE669E01016,Yes,NiftyMidcap150
Stock,NiftyMidcap150,Stock,Yes,IDFCFIRSTB.NS,IDFCFIRSTB,IDFC First Bank Ltd.,Financial Services,INE092T01019,Yes,NiftyMidcap150
Stock,NiftyMidcap150,Stock,Yes,INDIANB.NS,INDIANB,Indian Bank,Financial Services,INE562A01011,Yes,NiftyMidcap150
Stock,NiftyMidcap150,Stock,Yes,INDUSINDBK.NS,INDUSINDBK,IndusInd Bank Ltd.,Financial Services,INE095A01012,Yes,NiftyMidcap150
Stock,NiftyMidcap150,Stock,Yes,INDUSTOWER.NS,INDUSTOWER,Indus Towers Ltd.,Telecommunication,INE121J01017,Yes,NiftyMidcap150
Stock,NiftyMidcap150,Stock,Yes,IPCALAB.NS,IPCALAB,Ipca Laboratories Ltd.,Healthcare,INE571A01038,Yes,NiftyMidcap150
Stock,NiftyMidcap150,Stock,Yes,IRCTC.NS,IRCTC,Indian Railway Catering And Tourism Corporation Ltd.,Consumer Services,INE335Y01020,Yes,NiftyMidcap150
Stock,NiftyMidcap150,Stock,Yes,IREDA.NS,IREDA,Indian Renewable Energy Development Agency Ltd.,Financial Services,INE202E01016,Yes,NiftyMidcap150
Stock,NiftyMidcap150,Stock,Yes,ITCHOTELS.NS,ITCHOTELS,ITC Hotels Ltd.,Consumer Services,INE379A01028,Yes,NiftyMidcap150
Stock,NiftyMidcap150,Stock,Yes,JKCEMENT.NS,JKCEMENT,J.K. Cement Ltd.,Construction Materials,INE823G01014,Yes,NiftyMidcap150
Stock,NiftyMidcap150,Stock,Yes,JSL.NS,JSL,Jindal Stainless Ltd.,Metals & Mining,INE220G01021,Yes,NiftyMidcap150
Stock,NiftyMidcap150,Stock,Yes,JSWENERGY.NS,JSWENERGY,JSW Energy Ltd.,Power,INE121E01018,Yes,NiftyMidcap150
Stock,NiftyMidcap150,Stock,Yes,JSWINFRA.NS,JSWINFRA,JSW Infrastructure Ltd.,Services,INE880J01026,Yes,NiftyMidcap150
Stock,NiftyMidcap150,Stock,Yes,JUBLFOOD.NS,JUBLFOOD,Jubilant Foodworks Ltd.,Consumer Services,INE797F01020,Yes,NiftyMidcap150
Stock,NiftyMidcap150,Stock,Yes,KALYANKJIL.NS,KALYANKJIL,Kalyan Jewellers India Ltd.,Consumer Durables,INE303R01014,Yes,NiftyMidcap150
Stock,NiftyMidcap150,Stock,Yes,KEI.NS,KEI,KEI Industries Ltd.,Capital Goods,INE878B01027,Yes,NiftyMidcap150
Stock,NiftyMidcap150,Stock,Yes,KPITTECH.NS,KPITTECH,KPIT Technologies Ltd.,Information Technology,INE04I401011,Yes,NiftyMidcap150
Stock,NiftyMidcap150,Stock,Yes,KPRMILL.NS,KPRMILL,K.P.R. Mill Ltd.,Textiles,INE930H01031,Yes,NiftyMidcap150
Stock,NiftyMidcap150,Stock,Yes,LAURUSLABS.NS,LAURUSLABS,Laurus Labs Ltd.,Healthcare,INE947Q01028,Yes,NiftyMidcap150
Stock,NiftyMidcap150,Stock,Yes,LENSKART.NS,LENSKART,Lenskart Solutions Ltd.,Consumer Services,INE956O01016,Yes,NiftyMidcap150
Stock,NiftyMidcap150,Stock,Yes,LGEINDIA.NS,LGEINDIA,LG Electronics India Ltd.,Consumer Durables,INE324D01010,Yes,NiftyMidcap150
Stock,NiftyMidcap150,Stock,Yes,LICHSGFIN.NS,LICHSGFIN,LIC Housing Finance Ltd.,Financial Services,INE115A01026,Yes,NiftyMidcap150
Stock,NiftyMidcap150,Stock,Yes,LICI.NS,LICI,Life Insurance Corporation of India,Financial Services,INE0J1Y01017,Yes,NiftyMidcap150
Stock,NiftyMidcap150,Stock,Yes,LINDEINDIA.NS,LINDEINDIA,Linde India Ltd.,Chemicals,INE473A01011,Yes,NiftyMidcap150
Stock,NiftyMidcap150,Stock,Yes,LLOYDSME.NS,LLOYDSME,Lloyds Metals And Energy Ltd.,Metals & Mining,INE281B01032,Yes,NiftyMidcap150
Stock,NiftyMidcap150,Stock,Yes,LTF.NS,LTF,L&T Finance Ltd.,Financial Services,INE498L01015,Yes,NiftyMidcap150
Stock,NiftyMidcap150,Stock,Yes,LTTS.NS,LTTS,L&T Technology Services Ltd.,Information Technology,INE010V01017,Yes,NiftyMidcap150
Stock,NiftyMidcap150,Stock,Yes,LUPIN.NS,LUPIN,Lupin Ltd.,Healthcare,INE326A01037,Yes,NiftyMidcap150
Stock,NiftyMidcap150,Stock,Yes,M&MFIN.NS,M&MFIN,Mahindra & Mahindra Financial Services Ltd.,Financial Services,INE774D01024,Yes,NiftyMidcap150
Stock,NiftyMidcap150,Stock,Yes,MAHABANK.NS,MAHABANK,Bank of Maharashtra,Financial Services,INE457A01014,Yes,NiftyMidcap150
Stock,NiftyMidcap150,Stock,Yes,MANKIND.NS,MANKIND,Mankind Pharma Ltd.,Healthcare,INE634S01028,Yes,NiftyMidcap150
Stock,NiftyMidcap150,Stock,Yes,MARICO.NS,MARICO,Marico Ltd.,Fast Moving Consumer Goods,INE196A01026,Yes,NiftyMidcap150
Stock,NiftyMidcap150,Stock,Yes,MCX.NS,MCX,Multi Commodity Exchange of India Ltd.,Financial Services,INE745G01043,Yes,NiftyMidcap150
Stock,NiftyMidcap150,Stock,Yes,MEDANTA.NS,MEDANTA,Global Health Ltd.,Healthcare,INE474Q01031,Yes,NiftyMidcap150
Stock,NiftyMidcap150,Stock,Yes,MFSL.NS,MFSL,Max Financial Services Ltd.,Financial Services,INE180A01020,Yes,NiftyMidcap150
Stock,NiftyMidcap150,Stock,Yes,MOTILALOFS.NS,MOTILALOFS,Motilal Oswal Financial Services Ltd.,Financial Services,INE338I01027,Yes,NiftyMidcap150
Stock,NiftyMidcap150,Stock,Yes,MPHASIS.NS,MPHASIS,MphasiS Ltd.,Information Technology,INE356A01018,Yes,NiftyMidcap150
Stock,NiftyMidcap150,Stock,Yes,MRF.NS,MRF,MRF Ltd.,Automobile and Auto Components,INE883A01011,Yes,NiftyMidcap150
Stock,NiftyMidcap150,Stock,Yes,NAM-INDIA.NS,NAM-INDIA,Nippon Life India Asset Management Ltd.,Financial Services,INE298J01013,Yes,NiftyMidcap150
Stock,NiftyMidcap150,Stock,Yes,NATIONALUM.NS,NATIONALUM,National Aluminium Co. Ltd.,Metals & Mining,INE139A01034,Yes,NiftyMidcap150
Stock,NiftyMidcap150,Stock,Yes,NAUKRI.NS,NAUKRI,Info Edge (India) Ltd.,Consumer Services,INE663F01032,Yes,NiftyMidcap150
Stock,NiftyMidcap150,Stock,Yes,NHPC.NS,NHPC,NHPC Ltd.,Power,INE848E01016,Yes,NiftyMidcap150
Stock,NiftyMidcap150,Stock,Yes,NIACL.NS,NIACL,The New India Assurance Company Ltd.,Financial Services,INE470Y01017,Yes,NiftyMidcap150
Stock,NiftyMidcap150,Stock,Yes,NLCINDIA.NS,NLCINDIA,NLC India Ltd.,Power,INE589A01014,Yes,NiftyMidcap150
Stock,NiftyMidcap150,Stock,Yes,NMDC.NS,NMDC,NMDC Ltd.,Metals & Mining,INE584A01023,Yes,NiftyMidcap150
Stock,NiftyMidcap150,Stock,Yes,NTPCGREEN.NS,NTPCGREEN,NTPC Green Energy Ltd.,Power,INE0ONG01011,Yes,NiftyMidcap150
Stock,NiftyMidcap150,Stock,Yes,NYKAA.NS,NYKAA,FSN E-Commerce Ventures Ltd.,Consumer Services,INE388Y01029,Yes,NiftyMidcap150
Stock,NiftyMidcap150,Stock,Yes,OBEROIRLTY.NS,OBEROIRLTY,Oberoi Realty Ltd.,Realty,INE093I01010,Yes,NiftyMidcap150
Stock,NiftyMidcap150,Stock,Yes,OFSS.NS,OFSS,Oracle Financial Services Software Ltd.,Information Technology,INE881D01027,Yes,NiftyMidcap150
Stock,NiftyMidcap150,Stock,Yes,OIL.NS,OIL,Oil India Ltd.,Oil Gas & Consumable Fuels,INE274J01014,Yes,NiftyMidcap150
Stock,NiftyMidcap150,Stock,Yes,PAGEIND.NS,PAGEIND,Page Industries Ltd.,Textiles,INE761H01022,Yes,NiftyMidcap150
Stock,NiftyMidcap150,Stock,Yes,PATANJALI.NS,PATANJALI,Patanjali Foods Ltd.,Fast Moving Consumer Goods,INE619A01035,Yes,NiftyMidcap150
Stock,NiftyMidcap150,Stock,Yes,PAYTM.NS,PAYTM,One 97 Communications Ltd.,Financial Services,INE982J01020,Yes,NiftyMidcap150
Stock,NiftyMidcap150,Stock,Yes,PERSISTENT.NS,PERSISTENT,Persistent Systems Ltd.,Information Technology,INE262H01021,Yes,NiftyMidcap150
Stock,NiftyMidcap150,Stock,Yes,PETRONET.NS,PETRONET,Petronet LNG Ltd.,Oil Gas & Consumable Fuels,INE347G01014,Yes,NiftyMidcap150
Stock,NiftyMidcap150,Stock,Yes,PHOENIXLTD.NS,PHOENIXLTD,Phoenix Mills Ltd.,Realty,INE211B01039,Yes,NiftyMidcap150
Stock,NiftyMidcap150,Stock,Yes,PIIND.NS,PIIND,PI Industries Ltd.,Chemicals,INE603J01030,Yes,NiftyMidcap150
Stock,NiftyMidcap150,Stock,Yes,POLICYBZR.NS,POLICYBZR,PB Fintech Ltd.,Financial Services,INE417T01026,Yes,NiftyMidcap150
Stock,NiftyMidcap150,Stock,Yes,POLYCAB.NS,POLYCAB,Polycab India Ltd.,Capital Goods,INE455K01017,Yes,NiftyMidcap150
Stock,NiftyMidcap150,Stock,Yes,POWERINDIA.NS,POWERINDIA,Hitachi Energy India Ltd.,Capital Goods,INE07Y701011,Yes,NiftyMidcap150
Stock,NiftyMidcap150,Stock,Yes,PREMIERENE.NS,PREMIERENE,Premier Energies Ltd.,Capital Goods,INE0BS701011,Yes,NiftyMidcap150
Stock,NiftyMidcap150,Stock,Yes,PRESTIGE.NS,PRESTIGE,Prestige Estates Projects Ltd.,Realty,INE811K01011,Yes,NiftyMidcap150
Stock,NiftyMidcap150,Stock,Yes,RADICO.NS,RADICO,Radico Khaitan Ltd,Fast Moving Consumer Goods,INE944F01028,Yes,NiftyMidcap150
Stock,NiftyMidcap150,Stock,Yes,RVNL.NS,RVNL,Rail Vikas Nigam Ltd.,Construction,INE415G01027,Yes,NiftyMidcap150
Stock,NiftyMidcap150,Stock,Yes,SAIL.NS,SAIL,Steel Authority of India Ltd.,Metals & Mining,INE114A01011,Yes,NiftyMidcap150
Stock,NiftyMidcap150,Stock,Yes,SBICARD.NS,SBICARD,SBI Cards and Payment Services Ltd.,Financial Services,INE018E01016,Yes,NiftyMidcap150
Stock,NiftyMidcap150,Stock,Yes,SCHAEFFLER.NS,SCHAEFFLER,Schaeffler India Ltd.,Automobile and Auto Components,INE513A01022,Yes,NiftyMidcap150
Stock,NiftyMidcap150,Stock,Yes,SJVN.NS,SJVN,SJVN Ltd.,Power,INE002L01015,Yes,NiftyMidcap150
Stock,NiftyMidcap150,Stock,Yes,SRF.NS,SRF,SRF Ltd.,Chemicals,INE647A01010,Yes,NiftyMidcap150
Stock,NiftyMidcap150,Stock,Yes,SUNDARMFIN.NS,SUNDARMFIN,Sundaram Finance Ltd.,Financial Services,INE660A01013,Yes,NiftyMidcap150
Stock,NiftyMidcap150,Stock,Yes,SUPREMEIND.NS,SUPREMEIND,Supreme Industries Ltd.,Capital Goods,INE195A01028,Yes,NiftyMidcap150
Stock,NiftyMidcap150,Stock,Yes,SUZLON.NS,SUZLON,Suzlon Energy Ltd.,Capital Goods,INE040H01021,Yes,NiftyMidcap150
Stock,NiftyMidcap150,Stock,Yes,SWIGGY.NS,SWIGGY,Swiggy Ltd.,Consumer Services,INE00H001014,Yes,NiftyMidcap150
Stock,NiftyMidcap150,Stock,Yes,TATACOMM.NS,TATACOMM,Tata Communications Ltd.,Telecommunication,INE151A01013,Yes,NiftyMidcap150
Stock,NiftyMidcap150,Stock,Yes,TATAELXSI.NS,TATAELXSI,Tata Elxsi Ltd.,Information Technology,INE670A01012,Yes,NiftyMidcap150
Stock,NiftyMidcap150,Stock,Yes,TATAINVEST.NS,TATAINVEST,Tata Investment Corporation Ltd.,Financial Services,INE672A01026,Yes,NiftyMidcap150
Stock,NiftyMidcap150,Stock,Yes,THERMAX.NS,THERMAX,Thermax Ltd.,Capital Goods,INE152A01029,Yes,NiftyMidcap150
Stock,NiftyMidcap150,Stock,Yes,TIINDIA.NS,TIINDIA,Tube Investments of India Ltd.,Automobile and Auto Components,INE974X01010,Yes,NiftyMidcap150
Stock,NiftyMidcap150,Stock,Yes,TORNTPOWER.NS,TORNTPOWER,Torrent Power Ltd.,Power,INE813H01021,Yes,NiftyMidcap150
Stock,NiftyMidcap150,Stock,Yes,UBL.NS,UBL,United Breweries Ltd.,Fast Moving Consumer Goods,INE686F01025,Yes,NiftyMidcap150
Stock,NiftyMidcap150,Stock,Yes,UNOMINDA.NS,UNOMINDA,UNO Minda Ltd.,Automobile and Auto Components,INE405E01023,Yes,NiftyMidcap150
Stock,NiftyMidcap150,Stock,Yes,UPL.NS,UPL,UPL Ltd.,Chemicals,INE628A01036,Yes,NiftyMidcap150
Stock,NiftyMidcap150,Stock,Yes,VMM.NS,VMM,Vishal Mega Mart Ltd.,Consumer Services,INE01EA01019,Yes,NiftyMidcap150
Stock,NiftyMidcap150,Stock,Yes,VOLTAS.NS,VOLTAS,Voltas Ltd.,Consumer Durables,INE226A01021,Yes,NiftyMidcap150
Stock,NiftyMidcap150,Stock,Yes,WAAREEENER.NS,WAAREEENER,Waaree Energies Ltd.,Capital Goods,INE377N01017,Yes,NiftyMidcap150
Stock,NiftyMidcap150,Stock,Yes,YESBANK.NS,YESBANK,Yes Bank Ltd.,Financial Services,INE528G01035,Yes,NiftyMidcap150
Stock,NiftyNext50,Stock,Yes,ABB.NS,ABB,ABB India Ltd.,Capital Goods,INE117A01022,Yes,NiftyNext50
Stock,NiftyNext50,Stock,Yes,ADANIENSOL.NS,ADANIENSOL,Adani Energy Solutions Ltd.,Power,INE931S01010,Yes,NiftyNext50
Stock,NiftyNext50,Stock,Yes,ADANIGREEN.NS,ADANIGREEN,Adani Green Energy Ltd.,Power,INE364U01010,Yes,NiftyNext50
Stock,NiftyNext50,Stock,Yes,ADANIPOWER.NS,ADANIPOWER,Adani Power Ltd.,Power,INE814H01029,Yes,NiftyNext50
Stock,NiftyNext50,Stock,Yes,AMBUJACEM.NS,AMBUJACEM,Ambuja Cements Ltd.,Construction Materials,INE079A01024,Yes,NiftyNext50
Stock,NiftyNext50,Stock,Yes,BAJAJHLDNG.NS,BAJAJHLDNG,Bajaj Holdings & Investment Ltd.,Financial Services,INE118A01012,Yes,NiftyNext50
Stock,NiftyNext50,Stock,Yes,BANKBARODA.NS,BANKBARODA,Bank of Baroda,Financial Services,INE028A01039,Yes,NiftyNext50
Stock,NiftyNext50,Stock,Yes,BOSCHLTD.NS,BOSCHLTD,Bosch Ltd.,Automobile and Auto Components,INE323A01026,Yes,NiftyNext50
Stock,NiftyNext50,Stock,Yes,BPCL.NS,BPCL,Bharat Petroleum Corporation Ltd.,Oil Gas & Consumable Fuels,INE029A01011,Yes,NiftyNext50
Stock,NiftyNext50,Stock,Yes,BRITANNIA.NS,BRITANNIA,Britannia Industries Ltd.,Fast Moving Consumer Goods,INE216A01030,Yes,NiftyNext50
Stock,NiftyNext50,Stock,Yes,CANBK.NS,CANBK,Canara Bank,Financial Services,INE476A01022,Yes,NiftyNext50
Stock,NiftyNext50,Stock,Yes,CGPOWER.NS,CGPOWER,CG Power and Industrial Solutions Ltd.,Capital Goods,INE067A01029,Yes,NiftyNext50
Stock,NiftyNext50,Stock,Yes,CHOLAFIN.NS,CHOLAFIN,Cholamandalam Investment and Finance Company Ltd.,Financial Services,INE121A01024,Yes,NiftyNext50
Stock,NiftyNext50,Stock,Yes,CUMMINSIND.NS,CUMMINSIND,Cummins India Ltd.,Capital Goods,INE298A01020,Yes,NiftyNext50
Stock,NiftyNext50,Stock,Yes,DIVISLAB.NS,DIVISLAB,Divi's Laboratories Ltd.,Healthcare,INE361B01024,Yes,NiftyNext50
Stock,NiftyNext50,Stock,Yes,DLF.NS,DLF,DLF Ltd.,Realty,INE271C01023,Yes,NiftyNext50
Stock,NiftyNext50,Stock,Yes,DMART.NS,DMART,Avenue Supermarts Ltd.,Consumer Services,INE192R01011,Yes,NiftyNext50
Stock,NiftyNext50,Stock,Yes,ENRIN.NS,ENRIN,Siemens Energy India Ltd.,Capital Goods,INE1NPP01017,Yes,NiftyNext50
Stock,NiftyNext50,Stock,Yes,GAIL.NS,GAIL,GAIL (India) Ltd.,Oil Gas & Consumable Fuels,INE129A01019,Yes,NiftyNext50
Stock,NiftyNext50,Stock,Yes,GODREJCP.NS,GODREJCP,Godrej Consumer Products Ltd.,Fast Moving Consumer Goods,INE102D01028,Yes,NiftyNext50
Stock,NiftyNext50,Stock,Yes,HAL.NS,HAL,Hindustan Aeronautics Ltd.,Capital Goods,INE066F01020,Yes,NiftyNext50
Stock,NiftyNext50,Stock,Yes,HDFCAMC.NS,HDFCAMC,HDFC Asset Management Company Ltd.,Financial Services,INE127D01025,Yes,NiftyNext50
Stock,NiftyNext50,Stock,Yes,HINDZINC.NS,HINDZINC,Hindustan Zinc Ltd.,Metals & Mining,INE267A01025,Yes,NiftyNext50
Stock,NiftyNext50,Stock,Yes,HYUNDAI.NS,HYUNDAI,Hyundai Motor India Ltd.,Automobile and Auto Components,INE0V6F01027,Yes,NiftyNext50
Stock,NiftyNext50,Stock,Yes,INDHOTEL.NS,INDHOTEL,Indian Hotels Co. Ltd.,Consumer Services,INE053A01029,Yes,NiftyNext50
Stock,NiftyNext50,Stock,Yes,IOC.NS,IOC,Indian Oil Corporation Ltd.,Oil Gas & Consumable Fuels,INE242A01010,Yes,NiftyNext50
Stock,NiftyNext50,Stock,Yes,IRFC.NS,IRFC,Indian Railway Finance Corporation Ltd.,Financial Services,INE053F01010,Yes,NiftyNext50
Stock,NiftyNext50,Stock,Yes,JINDALSTEL.NS,JINDALSTEL,Jindal Steel Ltd.,Metals & Mining,INE749A01030,Yes,NiftyNext50
Stock,NiftyNext50,Stock,Yes,LODHA.NS,LODHA,Lodha Developers Ltd.,Realty,INE670K01029,Yes,NiftyNext50
Stock,NiftyNext50,Stock,Yes,LTM.NS,LTM,LTM Ltd.,Information Technology,INE214T01019,Yes,NiftyNext50
Stock,NiftyNext50,Stock,Yes,MAZDOCK.NS,MAZDOCK,Mazagoan Dock Shipbuilders Ltd.,Capital Goods,INE249Z01020,Yes,NiftyNext50
Stock,NiftyNext50,Stock,Yes,MOTHERSON.NS,MOTHERSON,Samvardhana Motherson International Ltd.,Automobile and Auto Components,INE775A01035,Yes,NiftyNext50
Stock,NiftyNext50,Stock,Yes,MUTHOOTFIN.NS,MUTHOOTFIN,Muthoot Finance Ltd.,Financial Services,INE414G01012,Yes,NiftyNext50
Stock,NiftyNext50,Stock,Yes,PFC.NS,PFC,Power Finance Corporation Ltd.,Financial Services,INE134E01011,Yes,NiftyNext50
Stock,NiftyNext50,Stock,Yes,PIDILITIND.NS,PIDILITIND,Pidilite Industries Ltd.,Chemicals,INE318A01026,Yes,NiftyNext50
Stock,NiftyNext50,Stock,Yes,PNB.NS,PNB,Punjab National Bank,Financial Services,INE160A01022,Yes,NiftyNext50
Stock,NiftyNext50,Stock,Yes,RECLTD.NS,RECLTD,REC Ltd.,Financial Services,INE020B01018,Yes,NiftyNext50
Stock,NiftyNext50,Stock,Yes,SHREECEM.NS,SHREECEM,Shree Cement Ltd.,Construction Materials,INE070A01015,Yes,NiftyNext50
Stock,NiftyNext50,Stock,Yes,SIEMENS.NS,SIEMENS,Siemens Ltd.,Capital Goods,INE003A01024,Yes,NiftyNext50
Stock,NiftyNext50,Stock,Yes,SOLARINDS.NS,SOLARINDS,Solar Industries India Ltd.,Chemicals,INE343H01029,Yes,NiftyNext50
Stock,NiftyNext50,Stock,Yes,TATACAP.NS,TATACAP,Tata Capital Ltd.,Financial Services,INE976I01016,Yes,NiftyNext50
Stock,NiftyNext50,Stock,Yes,TATAPOWER.NS,TATAPOWER,Tata Power Co. Ltd.,Power,INE245A01021,Yes,NiftyNext50
Stock,NiftyNext50,Stock,Yes,TMCV.NS,TMCV,Tata Motors Ltd.,Capital Goods,INE1TAE01010,Yes,NiftyNext50
Stock,NiftyNext50,Stock,Yes,TORNTPHARM.NS,TORNTPHARM,Torrent Pharmaceuticals Ltd.,Healthcare,INE685A01028,Yes,NiftyNext50
Stock,NiftyNext50,Stock,Yes,TVSMOTOR.NS,TVSMOTOR,TVS Motor Company Ltd.,Automobile and Auto Components,INE494B01023,Yes,NiftyNext50
Stock,NiftyNext50,Stock,Yes,UNIONBANK.NS,UNIONBANK,Union Bank of India,Financial Services,INE692A01016,Yes,NiftyNext50
Stock,NiftyNext50,Stock,Yes,UNITDSPR.NS,UNITDSPR,United Spirits Ltd.,Fast Moving Consumer Goods,INE854D01024,Yes,NiftyNext50
Stock,NiftyNext50,Stock,Yes,VBL.NS,VBL,Varun Beverages Ltd.,Fast Moving Consumer Goods,INE200M01039,Yes,NiftyNext50
Stock,NiftyNext50,Stock,Yes,VEDL.NS,VEDL,Vedanta Ltd.,Metals & Mining,INE205A01025,Yes,NiftyNext50
Stock,NiftyNext50,Stock,Yes,ZYDUSLIFE.NS,ZYDUSLIFE,Zydus Lifesciences Ltd.,Healthcare,INE010B01027,Yes,NiftyNext50
