Symbol,Raw_Symbol,Name,Category,ISIN,ETF_Name,ETF_Category,ETF_ISIN,Suggested_AMFI_Scheme_Code,Suggested_AMFI_Scheme_Name,Suggested_NAV,Suggested_NAV_Date,Match_Score,Match_Type,Mapping_Status,Manual_AMFI_Scheme_Code,Manual_AMFI_Scheme_Name,Manual_NAV,Manual_NAV_Date,AUM_Cr,TER,Tracking_Error,Tracking_Difference,Benchmark_Index,Quality_Override_Notes
ABGSEC.NS,ABGSEC,BIRLASLAMC - ABGSEC,Parking/Debt ETF,INF209KC1134,BIRLASLAMC - ABGSEC,Parking/Debt ETF,INF209KC1134,152732,ADITYA BIRLA SUN LIFE CRISIL BROAD BASED GILT ETF,114.3475,03-Jul-2026,1.0,ISIN,Verified,,,,,,,,,,
ABSL10BANK.NS,ABSL10BANK,BIRLASLAMC - ABSL10BANK,Bank/Financial ETF,INF209KC1670,BIRLASLAMC - ABSL10BANK,Bank/Financial ETF,INF209KC1670,154224,Aditya Birla Sun Life BSE Top 10 Banks ETF,173.5455,03-Jul-2026,1.0,ISIN,Verified,,,,,,,,,,
ABSLBANETF.NS,ABSLBANETF,BIRLASLAMC-ABSLBANETF,Bank/Financial ETF,INF209KB17D5,BIRLASLAMC-ABSLBANETF,Bank/Financial ETF,INF209KB17D5,147735,Aditya Birla Sun Life Nifty Bank ETF,59.3871,03-Jul-2026,1.0,ISIN,Verified,,,,,,,,,,
ABSLLIQUID.NS,ABSLLIQUID,BIRLASLAMC-ABSLLIQUID,Parking/Debt ETF,INF209KB18T9,BIRLASLAMC-ABSLLIQUID,Parking/Debt ETF,INF209KB18T9,151533,Aditya Birla Sun Life CRISIL Liquid Overnight ETF - IDCW Daily Reinvestment with Weekly Payout,1000.0,03-Jul-2026,1.0,ISIN,Verified,,,,,,,,,,
ABSLMSCIN.NS,ABSLMSCIN,BIRLASLAMC - ABSLMSCIN,ETF,INF209KC1662,BIRLASLAMC - ABSLMSCIN,ETF,INF209KC1662,154220,Aditya Birla Sun Life MSCI India ETF,29.5428,03-Jul-2026,1.0,ISIN,Verified,,,,,,,,,,
ABSLNN50ET.NS,ABSLNN50ET,BIRLASLAMC-ABSLNN50ET,Broad Market ETF,INF209KB16D7,BIRLASLAMC-ABSLNN50ET,Broad Market ETF,INF209KB16D7,145881,Aditya Birla Sunlife Nifty Next 50 ETF,75.9365,03-Jul-2026,1.0,ISIN,Verified,,,,,,,,,,
ABSLPSE.NS,ABSLPSE,BIRLASLAMC-ABSLPSE,IT ETF,INF209KB19Z4,BIRLASLAMC-ABSLPSE,IT ETF,INF209KB19Z4,152620,Aditya Birla Sun Life Nifty PSE ETF,10.3796,03-Jul-2026,1.0,ISIN,Verified,,,,,,,,,,
ALPHA.NS,ALPHA,KOTAKMAMC-KOTAKALPHA,Factor ETF,INF174KA1IA5,KOTAKMAMC-KOTAKALPHA,Factor ETF,INF174KA1IA5,149397,Kotak Nifty Alpha 50 ETF,51.2406,03-Jul-2026,1.0,ISIN,Verified,,,,,,,,,,
ALPHAETF.NS,ALPHAETF,MIRAEAMC-ALPHAETF,Factor ETF,INF769K01KU7,MIRAEAMC-ALPHAETF,Factor ETF,INF769K01KU7,152134,Mirae Asset Nifty 200 Alpha 30 ETF,26.047,03-Jul-2026,1.0,ISIN,Verified,,,,,,,,,,
ALPL30IETF.NS,ALPL30IETF,ICICIPRAMC-ICICIALPLV,IT ETF,INF109KC17V7,ICICIPRAMC-ICICIALPLV,IT ETF,INF109KC17V7,148456,ICICI Prudential Nifty Alpha Low- Volatility 30 ETF,27.5896,03-Jul-2026,1.0,ISIN,Verified,,,,,,,,,,
AONEGOLD.NS,AONEGOLD,AONEAMC - AONEGOLD,Gold ETF,INF1J2R01114,AONEAMC - AONEGOLD,Gold ETF,INF1J2R01114,153826,ANGEL ONE GOLD ETF,13.2716,02-Jul-2026,1.0,ISIN,Verified,,,,,,,,,,
AONELIQUID.NS,AONELIQUID,AONEAMC - AONELIQUID,Parking/Debt ETF,INF1J2R01056,AONEAMC - AONELIQUID,Parking/Debt ETF,INF1J2R01056,153451,ANGEL ONE NIFTY 1D RATE LIQUID ETF - GROWTH,1066.4615,03-Jul-2026,1.0,ISIN,Verified,,,,,,,,,,
AONENIFTY.NS,AONENIFTY,AONEAMC - AONENIFTY,Broad Market ETF,INF1J2R01064,AONEAMC - AONENIFTY,Broad Market ETF,INF1J2R01064,153531,ANGEL ONE NIFTY 50 ETF,10.0066,03-Jul-2026,1.0,ISIN,Verified,,,,,,,,,,
AONESILVER.NS,AONESILVER,AONEAMC - AONESILVER,Silver ETF,INF1J2R01171,AONEAMC - AONESILVER,Silver ETF,INF1J2R01171,154205,ANGEL ONE SILVER ETF,8.6697,02-Jul-2026,1.0,ISIN,Verified,,,,,,,,,,
AONETMMQ50.NS,AONETMMQ50,AONEAMC - AONETMMQ50,IT ETF,INF1J2R01148,AONEAMC - AONETMMQ50,IT ETF,INF1J2R01148,153957,ANGEL ONE NIFTY TOTAL MARKET MOMENTUM QUALITY 50 ETF,10.0503,03-Jul-2026,1.0,ISIN,Verified,,,,,,,,,,
AONETOTAL.NS,AONETOTAL,AONEAMC - AONETOTAL,Broad Market ETF,INF1J2R01015,AONEAMC - AONETOTAL,Broad Market ETF,INF1J2R01015,153332,ANGEL ONE NIFTY TOTAL MARKET ETF,11.8779,03-Jul-2026,1.0,ISIN,Verified,,,,,,,,,,
AUTOBEES.NS,AUTOBEES,NIPPONAMC-NETFAUTO,Auto ETF,INF204KC1337,NIPPONAMC-NETFAUTO,Auto ETF,INF204KC1337,149465,Nippon India Nifty Auto ETF,278.6115,03-Jul-2026,1.0,ISIN,Verified,,,,,,,,,,
AUTOIETF.NS,AUTOIETF,ICICIPRAMC-ICICIAUTO,Auto ETF,INF109KC10V2,ICICIPRAMC-ICICIAUTO,Auto ETF,INF109KC10V2,149463,ICICI Prudential Nifty Auto ETF,27.9063,03-Jul-2026,1.0,ISIN,Verified,,,,,,,,,,
BANK10ADD.NS,BANK10ADD,DSPAMC - BANK10ADD,Bank/Financial ETF,INF740KA1YH2,DSPAMC - BANK10ADD,Bank/Financial ETF,INF740KA1YH2,154256,DSP BSE Top 10 Banks ETF,17.3619,03-Jul-2026,1.0,ISIN,Verified,,,,,,,,,,
BANKADD.NS,BANKADD,DSPAMC-DSPBANK,Bank/Financial ETF,INF740KA1RX3,DSPAMC-DSPBANK,Bank/Financial ETF,INF740KA1RX3,151262,DSP Nifty Bank ETF,59.302,03-Jul-2026,1.0,ISIN,Verified,,,,,,,,,,
BANKBEES.NS,BANKBEES,NIPINDETFBANKBEES,Bank/Financial ETF,INF204KB15I9,NIPINDETFBANKBEES,Bank/Financial ETF,INF204KB15I9,140087,Nippon India ETF Nifty Bank BeES,599.7995,03-Jul-2026,1.0,ISIN,Verified,,,,,,,,,,
BANKBETA.NS,BANKBETA,UTIAMC-BANKBETA,Bank/Financial ETF,INF789F1AUV1,UTIAMC-BANKBETA,Bank/Financial ETF,INF789F1AUV1,148173,UTI Nifty Bank ETF,59.9216,03-Jul-2026,1.0,ISIN,Verified,,,,,,,,,,
BANKBETF.NS,BANKBETF,BFAM-BANKBETF,Bank/Financial ETF,INF0QA701714,BFAM-BANKBETF,Bank/Financial ETF,INF0QA701714,152357,Bajaj Finserv Nifty Bank ETF,58.8813,03-Jul-2026,1.0,ISIN,Verified,,,,,,,,,,
BANKETF.NS,BANKETF,MIRAEAMC-BANKETF,Bank/Financial ETF,INF769K01KR3,MIRAEAMC-BANKETF,Bank/Financial ETF,INF769K01KR3,151857,Mirae Asset Nifty Bank ETF,590.1906,03-Jul-2026,1.0,ISIN,Verified,,,,,,,,,,
BANKIETF.NS,BANKIETF,ICICIPRAMC-IPRU5008,Bank/Financial ETF,INF109KC15I8,ICICIPRAMC-IPRU5008,Bank/Financial ETF,INF109KC15I8,147483,ICICI Prudential Nifty Bank ETF,59.4859,03-Jul-2026,1.0,ISIN,Verified,,,,,,,,,,
BANKNIFTY1.NS,BANKNIFTY1,KOTAKMAMC-KOTAKBKETF,Bank/Financial ETF,INF174KA1ZB7,KOTAKMAMC-KOTAKBKETF,Bank/Financial ETF,INF174KA1ZB7,133122,Kotak Nifty Bank ETF,60.1231,03-Jul-2026,1.0,ISIN,Verified,,,,,,,,,,
BANKPSU.NS,BANKPSU,MIRAEAMC - BANKPSU,Bank/Financial ETF,INF769K01LZ4,MIRAEAMC - BANKPSU,Bank/Financial ETF,INF769K01LZ4,152929,Mirae Asset Nifty PSU Bank ETF,84.8534,03-Jul-2026,1.0,ISIN,Verified,,,,,,,,,,
BBETF0432.NS,BBETF0432,EDELAMC-BBETF0432,Parking/Debt ETF,INF754K01OB1,EDELAMC-BBETF0432,Parking/Debt ETF,INF754K01OB1,149398,BHARAT Bond ETF - April 2032,1353.8516,03-Jul-2026,1.0,ISIN,Verified,,,,,,,,,,
BBNPNBETF.NS,BBNPNBETF,BARODABNP - BBNPNBETF,Bank/Financial ETF,INF251K01TL6,BARODABNP - BBNPNBETF,Bank/Financial ETF,INF251K01TL6,152683,Baroda BNP Paribas Nifty Bank ETF,58.4087,03-Jul-2026,1.0,ISIN,Verified,,,,,,,,,,
BBNPPGOLD.NS,BBNPPGOLD,BARODABNP-BBNPPGOLD,Gold ETF,INF251K01SU9,BARODABNP-BBNPPGOLD,Gold ETF,INF251K01SU9,152231,Baroda BNP Paribas Gold ETF,140.6359,03-Jul-2026,1.0,ISIN,Verified,,,,,,,,,,
BFSI.NS,BFSI,MIRAEAMC-MAFSETF,Bank/Financial ETF,INF769K01HI8,MIRAEAMC-MAFSETF,Bank/Financial ETF,INF769K01HI8,149105,Mirae Asset Nifty Financial Services ETF,27.9107,03-Jul-2026,1.0,ISIN,Verified,,,,,,,,,,
BNKETFAXIS.NS,BNKETFAXIS,AXISAMC-BNKETFAXIS,Bank/Financial ETF,INF846K01X63,AXISAMC-BNKETFAXIS,Bank/Financial ETF,INF846K01X63,148559,Axis NIFTY Bank ETF,597.3121,03-Jul-2026,1.0,ISIN,Verified,,,,,,,,,,
BSE500IETF.NS,BSE500IETF,ICICIPRAMC-ICICI500,International ETF,INF109KC1V59,ICICIPRAMC-ICICI500,International ETF,INF109KC1V59,143247,ICICI Prudential BSE 500 ETF,39.331,03-Jul-2026,1.0,ISIN,Verified,,,,,,,,,,
BSLGOLDETF.NS,BSLGOLDETF,ABSLGoldETF-GO,Gold ETF,INF209KB18D3,ABSLGoldETF-GO,Gold ETF,INF209KB18D3,115127,Aditya Birla Sun Life Gold ETF,127.7406,03-Jul-2026,1.0,ISIN,Verified,,,,,,,,,,
BSLNIFTY.NS,BSLNIFTY,ABSLNiftyETF-GO,Broad Market ETF,INF209KB19D1,ABSLNiftyETF-GO,Broad Market ETF,INF209KB19D1,115512,Aditya Birla Sun Life Nifty 50 ETF,28.4069,03-Jul-2026,1.0,ISIN,Verified,,,,,,,,,,
BSLSENETFG.NS,BSLSENETFG,BIRLASLAMC-BSLSENETFG,Broad Market ETF,INF209KB10E8,BIRLASLAMC-BSLSENETFG,Broad Market ETF,INF209KB10E8,139581,Aditya Birla Sun Life BSE Sensex ETF,78.2908,03-Jul-2026,1.0,ISIN,Verified,,,,,,,,,,
CASHIETF.NS,CASHIETF,ICICIPRAMC - CASHIETF,Parking/Debt ETF,INF109K1A021,ICICIPRAMC - CASHIETF,Parking/Debt ETF,INF109K1A021,153378,ICICI Prudential BSE Liquid Rate ETF - Growth,1069.1148,03-Jul-2026,1.0,ISIN,Verified,,,,,,,,,,
CHEMICAL.NS,CHEMICAL,KOTAKMAMC - CHEMICAL,Broad Market ETF,INF174KA1XV0,KOTAKMAMC - CHEMICAL,Broad Market ETF,INF174KA1XV0,153934,Kotak Nifty Chemicals ETF,30.046,03-Jul-2026,1.0,ISIN,Verified,,,,,,,,,,
CHOICEGOLD.NS,CHOICEGOLD,ChoiceAMC - CHOICEGOLD,Gold ETF,INF2KCX01012,ChoiceAMC - CHOICEGOLD,Gold ETF,INF2KCX01012,153933,Choice Gold ETF,144.2197,03-Jul-2026,1.0,ISIN,Verified,,,,,,,,,,
COMMOIETF.NS,COMMOIETF,ICICIPRAMC-ICICICOMMO,IT ETF,INF109KC19O8,ICICIPRAMC-ICICICOMMO,IT ETF,INF109KC19O8,151207,ICICI Prudential Nifty Commodities ETF,100.6019,03-Jul-2026,1.0,ISIN,Verified,,,,,,,,,,
CONS.NS,CONS,KOTAKMAMC-KOTAKCONS,Consumption/FMCG ETF,INF174KA1ZF8,KOTAKMAMC-KOTAKCONS,Consumption/FMCG ETF,INF174KA1ZF8,150492,Kotak Nifty India Consumption ETF,12.1131,03-Jul-2026,1.0,ISIN,Verified,,,,,,,,,,
CONSUMAXIS.NS,CONSUMAXIS,AXISAMC-CONSUMAXIS,Consumption/FMCG ETF,INF846K016C7,AXISAMC-CONSUMAXIS,Consumption/FMCG ETF,INF846K016C7,149156,Axis NIFTY India Consumption ETF,121.2877,03-Jul-2026,1.0,ISIN,Verified,,,,,,,,,,
CONSUMBEES.NS,CONSUMBEES,NIPINDETFCONSUMPTION,Consumption/FMCG ETF,INF204KA1LD7,NIPINDETFCONSUMPTION,Consumption/FMCG ETF,INF204KA1LD7,128331,Nippon India ETF Nifty India Consumption,131.227,03-Jul-2026,1.0,ISIN,Verified,,,,,,,,,,
CONSUMER.NS,CONSUMER,MIRAEAMC - CONSUMER,Consumption/FMCG ETF,INF769K01NS5,MIRAEAMC - CONSUMER,Consumption/FMCG ETF,INF769K01NS5,153191,Mirae Asset Nifty India New Age Consumption ETF,11.6897,03-Jul-2026,1.0,ISIN,Verified,,,,,,,,,,
CONSUMIETF.NS,CONSUMIETF,ICICIPRAMC-ICICICONSU,Consumption/FMCG ETF,INF109KC1V42,ICICIPRAMC-ICICICONSU,Consumption/FMCG ETF,INF109KC1V42,149285,ICICI Prudential Nifty India Consumption ETF,122.0654,03-Jul-2026,1.0,ISIN,Verified,,,,,,,,,,
CPSEETF.NS,CPSEETF,CPSEETF,PSU/CPSE ETF,INF457M01133,CPSEETF,PSU/CPSE ETF,INF457M01133,140107,CPSE ETF,97.5631,03-Jul-2026,1.0,ISIN,Verified,,,,,,,,,,
DEFENCE.NS,DEFENCE,MIRAEAMC - DEFENCE,ETF,INF769K01QC2,MIRAEAMC - DEFENCE,ETF,INF769K01QC2,154182,Mirae Asset BSE India Defence ETF,80.0302,03-Jul-2026,1.0,ISIN,Verified,,,,,,,,,,
DIVIDEND.NS,DIVIDEND,MIRAEAMC - DIVIDEND,ETF,INF769K01PY8,MIRAEAMC - DIVIDEND,ETF,INF769K01PY8,154061,Mirae Asset BSE 500 Dividend Leaders 50 ETF,35.0516,03-Jul-2026,1.0,ISIN,Verified,,,,,,,,,,
DIVOPPBEES.NS,DIVOPPBEES,NIPINDETFDIVOPP,Broad Market ETF,INF204KA1MS3,NIPINDETFDIVOPP,Broad Market ETF,INF204KA1MS3,128639,Nippon India ETF Nifty Dividend Opportunities 50,76.5909,03-Jul-2026,1.0,ISIN,Verified,,,,,,,,,,
EBANKNIFTY.NS,EBANKNIFTY,EDELAMC - EBANKNIFTY,Bank/Financial ETF,INF754K01TE4,EDELAMC - EBANKNIFTY,Bank/Financial ETF,INF754K01TE4,152857,Edelweiss Nifty Bank ETF - Growth,58.416,03-Jul-2026,1.0,ISIN,Verified,,,,,,,,,,
EBBETF0430.NS,EBBETF0430,EDELAMC-EBBETF0430,Parking/Debt ETF,INF754K01KO2,EDELAMC-EBBETF0430,Parking/Debt ETF,INF754K01KO2,147849,Bharat Bond ETF - April 2030,1610.615,03-Jul-2026,1.0,ISIN,Verified,,,,,,,,,,
EBBETF0431.NS,EBBETF0431,EDELAMC-EBBETF0431,Parking/Debt ETF,INF754K01LE1,EDELAMC-EBBETF0431,Parking/Debt ETF,INF754K01LE1,148445,BHARAT Bond ETF- April 2031,1442.2134,03-Jul-2026,1.0,ISIN,Verified,,,,,,,,,,
EBBETF0433.NS,EBBETF0433,EDELAMC-EBBETF0433,Parking/Debt ETF,INF754K01QX0,EDELAMC-EBBETF0433,Parking/Debt ETF,INF754K01QX0,150987,BHARAT Bond ETF - April 2033,1313.6892,03-Jul-2026,1.0,ISIN,Verified,,,,,,,,,,
ECAPINSURE.NS,ECAPINSURE,EDELAMC - ECAPINSURE,IT ETF,INF754K01TX4,EDELAMC - ECAPINSURE,IT ETF,INF754K01TX4,153180,Edelweiss BSE Capital Markets & Insurance  ETF - Growth,24.5187,03-Jul-2026,1.0,ISIN,Verified,,,,,,,,,,
EGOLD.NS,EGOLD,EDELAMC-EGOLD,Gold ETF,INF754K01SE6,EDELAMC-EGOLD,Gold ETF,INF754K01SE6,152193,Edelweiss Gold ETF,145.161,03-Jul-2026,1.0,ISIN,Verified,,,,,,,,,,
ELIQUID.NS,ELIQUID,EDELAMC - ELIQUID,Parking/Debt ETF,INF754K01VW2,EDELAMC - ELIQUID,Parking/Debt ETF,INF754K01VW2,153920,Edelweiss Nifty 1D Rate Liquid ETF - Growth,1037.6432,03-Jul-2026,1.0,ISIN,Verified,,,,,,,,,,
ELM250.NS,ELM250,EDELAMC - ELM250,Broad Market ETF,INF754K01VV4,EDELAMC - ELM250,Broad Market ETF,INF754K01VV4,153841,Edelweiss Nifty LargeMidcap 250 ETF - Growth,16.5731,03-Jul-2026,1.0,ISIN,Verified,,,,,,,,,,
EMULTIMQ.NS,EMULTIMQ,EDELAMC - EMULTIMQ,IT ETF,INF754K01TF1,EDELAMC - EMULTIMQ,IT ETF,INF754K01TF1,152981,Edelweiss Nifty500 Multicap Momentum Quality 50 ETF - Growth,41.4348,03-Jul-2026,1.0,ISIN,Verified,,,,,,,,,,
ENERGY.NS,ENERGY,MIRAEAMC - ENERGY,Broad Market ETF,INF769K01PR2,MIRAEAMC - ENERGY,Broad Market ETF,INF769K01PR2,153945,Mirae Asset Nifty Energy ETF,39.3334,03-Jul-2026,1.0,ISIN,Verified,,,,,,,,,,
ENEXT50.NS,ENEXT50,EDELAMC - ENEXT50,Broad Market ETF,INF754K01XF3,EDELAMC - ENEXT50,Broad Market ETF,INF754K01XF3,154347,Edelweiss Nifty Next 50 ETF,71.8381,03-Jul-2026,1.0,ISIN,Verified,,,,,,,,,,
ENIFTY.NS,ENIFTY,EDELAMC - ENIFTY,Broad Market ETF,INF754K01VX0,EDELAMC - ENIFTY,Broad Market ETF,INF754K01VX0,153966,Edelweiss Nifty 50 ETF - Growth,24.4064,03-Jul-2026,1.0,ISIN,Verified,,,,,,,,,,
EQUAL200.NS,EQUAL200,MIRAEAMC - EQUAL200,ETF,INF769K01OA1,MIRAEAMC - EQUAL200,ETF,INF769K01OA1,153379,Mirae Asset BSE 200 Equal Weight ETF,13.703,03-Jul-2026,1.0,ISIN,Verified,,,,,,,,,,
EQUAL50.NS,EQUAL50,MIRAEAMC - EQUAL50,Broad Market ETF,INF769K01OO2,MIRAEAMC - EQUAL50,Broad Market ETF,INF769K01OO2,153519,Mirae Asset Nifty 50 Equal Weight ETF,332.7684,03-Jul-2026,1.0,ISIN,Verified,,,,,,,,,,
EQUAL50ADD.NS,EQUAL50ADD,DSPAMC-DSPNEWETF,Broad Market ETF,INF740KA1QK2,DSPAMC-DSPNEWETF,Broad Market ETF,INF740KA1QK2,149286,DSP Nifty 50 Equal Weight ETF,343.8934,03-Jul-2026,1.0,ISIN,Verified,,,,,,,,,,
ESENSEX.NS,ESENSEX,EDELAMC - ESENSEX,Broad Market ETF,INF754K01VY8,EDELAMC - ESENSEX,Broad Market ETF,INF754K01VY8,153947,Edelweiss BSE Sensex ETF - Growth,78.1693,03-Jul-2026,1.0,ISIN,Verified,,,,,,,,,,
ESG.NS,ESG,MIRAEAMC-MAESGETF,Parking/Debt ETF,INF769K01GS9,MIRAEAMC-MAESGETF,Parking/Debt ETF,INF769K01GS9,148572,Mirae Asset Nifty 100 ESG Sector Leaders ETF,41.689,03-Jul-2026,1.0,ISIN,Verified,,,,,,,,,,
ESILVER.NS,ESILVER,EDELAMC-Esilver,Silver ETF,INF754K01SF3,EDELAMC-Esilver,Silver ETF,INF754K01SF3,152212,Edelweiss Silver ETF,231.3908,03-Jul-2026,1.0,ISIN,Verified,,,,,,,,,,
EVIETF.NS,EVIETF,ICICIPRAMC - EVIETF,Auto ETF,INF109K1A153,ICICIPRAMC - EVIETF,Auto ETF,INF109K1A153,153397,ICICI Prudential Nifty EV & New Age Automotive ETF,31.4152,03-Jul-2026,1.0,ISIN,Verified,,,,,,,,,,
EVINDIA.NS,EVINDIA,MIRAEAMC - EVINDIA,Auto ETF,INF769K01LQ3,MIRAEAMC - EVINDIA,Auto ETF,INF769K01LQ3,152715,Mirae Asset Nifty EV and New Age Automotive ETF,31.4569,03-Jul-2026,1.0,ISIN,Verified,,,,,,,,,,
FINIETF.NS,FINIETF,ICICIPRAMC-ICICIFIN,Bank/Financial ETF,INF109KC17L8,ICICIPRAMC-ICICIFIN,Bank/Financial ETF,INF109KC17L8,150879,ICICI Prudential Nifty Financial Services Ex-BaNk ETF,32.9363,03-Jul-2026,1.0,ISIN,Verified,,,,,,,,,,
FLEXIADD.NS,FLEXIADD,DSPAMC - FLEXIADD,IT ETF,INF740KA1WU9,DSPAMC - FLEXIADD,IT ETF,INF740KA1WU9,153874,DSP Nifty500 Flexicap Quality 30 ETF,9.7857,03-Jul-2026,1.0,ISIN,Verified,,,,,,,,,,
FMCGADD.NS,FMCGADD,DSPAMC - FMCGADD,Consumption/FMCG ETF,INF740KA1ZA4,DSPAMC - FMCGADD,Consumption/FMCG ETF,INF740KA1ZA4,154357,DSP Nifty FMCG ETF,50.1801,03-Jul-2026,1.0,ISIN,Verified,,,,,,,,,,
FMCGIETF.NS,FMCGIETF,ICICIPRAMC-ICICIFMCG,Consumption/FMCG ETF,INF109KC19V3,ICICIPRAMC-ICICIFMCG,Consumption/FMCG ETF,INF109KC19V3,149072,ICICI Prudential Nifty FMCG ETF,53.715,03-Jul-2026,1.0,ISIN,Verified,,,,,,,,,,
GILT10BETA.NS,GILT10BETA,UTIAMC-GILT10BETA,Parking/Debt ETF,INF789F1AZF3,UTIAMC-GILT10BETA,Parking/Debt ETF,INF789F1AZF3,152369,UTI Nifty 10 yr Benchmark G-Sec ETF,26.6637,03-Jul-2026,1.0,ISIN,Verified,,,,,,,,,,
GILT5BETA.NS,GILT5BETA,UTIAMC-GILT5BETA,Parking/Debt ETF,INF789F1AZE6,UTIAMC-GILT5BETA,Parking/Debt ETF,INF789F1AZE6,152368,UTI Nifty 5 yr Benchmark G-Sec ETF,66.0421,03-Jul-2026,1.0,ISIN,Verified,,,,,,,,,,
GILT5YBEES.NS,GILT5YBEES,RELCAPAMC-NETFGILT5Y,Parking/Debt ETF,INF204KC1030,RELCAPAMC-NETFGILT5Y,Parking/Debt ETF,INF204KC1030,148800,Nippon India ETF Nifty 5 yr Benchmark G-Sec,65.8428,03-Jul-2026,1.0,ISIN,Verified,,,,,,,,,,
GOLD1.NS,GOLD1,KotakMutualFund-Gold,Gold ETF,INF174KA1HJ8,KotakMutualFund-Gold,Gold ETF,INF174KA1HJ8,106193,KOTAK GOLD ETF,121.2227,03-Jul-2026,1.0,ISIN,Verified,,,,,,,,,,
GOLD360.NS,GOLD360,360ONEAMC - GOLD360,Gold ETF,INF579M01BB5,360ONEAMC - GOLD360,Gold ETF,INF579M01BB5,153357,360 ONE Gold ETF,141.8133,03-Jul-2026,1.0,ISIN,Verified,,,,,,,,,,
GOLDADD.NS,GOLDADD,DSPAMC - DSPGOLD,Gold ETF,INF740KA1SW3,DSPAMC - DSPGOLD,Gold ETF,INF740KA1SW3,151737,DSP Gold ETF,141.1065,03-Jul-2026,1.0,ISIN,Verified,,,,,,,,,,
GOLDAXIS.NS,GOLDAXIS,AXISAMC-GOLDAXIS,Gold ETF,INF846K01W80,AXISAMC-GOLDAXIS,Gold ETF,INF846K01W80,113434,Axis Gold ETF,121.0493,03-Jul-2026,1.0,ISIN,Verified,,,,,,,,,,
GOLDBEES.NS,GOLDBEES,NIPINDETFGOLDBEES,Gold ETF,INF204KB17I5,NIPINDETFGOLDBEES,Gold ETF,INF204KB17I5,140088,Nippon India ETF Gold BeES,120.1367,03-Jul-2026,1.0,ISIN,Verified,,,,,,,,,,
GOLDBETA.NS,GOLDBETA,UTIAMC -UTIGOLDBETA,Gold ETF,INF789F1AUX7,UTIAMC -UTIGOLDBETA,Gold ETF,INF789F1AUX7,105463,UTI GOLD Exchange Traded Fund,122.2337,03-Jul-2026,1.0,ISIN,Verified,,,,,,,,,,
GOLDBND.NS,GOLDBND,BANDHANAMC - GOLDBND,Gold ETF,INF194KB1KJ7,BANDHANAMC - GOLDBND,Gold ETF,INF194KB1KJ7,153930,Bandhan Gold ETF,145.131,03-Jul-2026,1.0,ISIN,Verified,,,,,,,,,,
GOLDCASE.NS,GOLDCASE,ZERODHAAMC-GOLDCASE,Gold ETF,INF0R8F01042,ZERODHAAMC-GOLDCASE,Gold ETF,INF0R8F01042,152476,Zerodha Gold ETF,22.859,03-Jul-2026,1.0,ISIN,Verified,,,,,,,,,,
GOLDETF.NS,GOLDETF,MIRAEAMC-MAGOLDETF,Gold ETF,INF769K01JP9,MIRAEAMC-MAGOLDETF,Gold ETF,INF769K01JP9,151416,Mirae Asset Gold ETF,141.2043,03-Jul-2026,1.0,ISIN,Verified,,,,,,,,,,
GOLDIETF.NS,GOLDIETF,ICICIPrudGoldETF,Gold ETF,INF109KC1NT3,ICICIPrudGoldETF,Gold ETF,INF109KC1NT3,113076,ICICI Prudential Gold ETF,124.3907,03-Jul-2026,1.0,ISIN,Verified,,,,,,,,,,
GROWWCAPM.NS,GROWWCAPM,GROWWAMC - GROWWCAPM,IT ETF,INF666M01MM4,GROWWAMC - GROWWCAPM,IT ETF,INF666M01MM4,153907,Groww Nifty Capital Markets ETF,11.678,03-Jul-2026,1.0,ISIN,Verified,,,,,,,,,,
GROWWCHEM.NS,GROWWCHEM,GROWWAMC - GROWWCHEM,Broad Market ETF,INF666M01NP5,GROWWAMC - GROWWCHEM,Broad Market ETF,INF666M01NP5,154111,Groww Nifty Chemicals ETF,29.9985,03-Jul-2026,1.0,ISIN,Verified,,,,,,,,,,
GROWWDEFNC.NS,GROWWDEFNC,GROWWAMC - GROWWDEFNC,Broad Market ETF,INF666M01IO8,GROWWAMC - GROWWDEFNC,Broad Market ETF,INF666M01IO8,152845,Groww Nifty India Defence ETF,95.6212,03-Jul-2026,1.0,ISIN,Verified,,,,,,,,,,
GROWWEV.NS,GROWWEV,GROWWAMC - GROWWEV,Auto ETF,INF666M01IH2,GROWWAMC - GROWWEV,Auto ETF,INF666M01IH2,152764,GROWW NIFTY EV & NEW AGE AUTOMOTIVE ETF,31.3472,03-Jul-2026,1.0,ISIN,Verified,,,,,,,,,,
GROWWGOLD.NS,GROWWGOLD,GROWWAMC - GROWWGOLD,Gold ETF,INF666M01OE7,GROWWAMC - GROWWGOLD,Gold ETF,INF666M01OE7,152957,Groww Gold ETF,14.1991,03-Jul-2026,1.0,ISIN,Verified,,,,,,,,,,
GROWWHOSPI.NS,GROWWHOSPI,GROWWAMC - GROWWHOSPI,IT ETF,INF666M01OD9,GROWWAMC - GROWWHOSPI,IT ETF,INF666M01OD9,154199,Groww BSE Hospitals ETF,54.7054,03-Jul-2026,1.0,ISIN,Verified,,,,,,,,,,
GROWWLIQID.NS,GROWWLIQID,GROWWAMC - GROWWLIQID,Parking/Debt ETF,INF666M01IP5,GROWWAMC - GROWWLIQID,Parking/Debt ETF,INF666M01IP5,152891,Groww Nifty 1D Rate Liquid ETF,109.74,03-Jul-2026,1.0,ISIN,Verified,,,,,,,,,,
GROWWLOVOL.NS,GROWWLOVOL,GROWWAMC - GROWWLOVOL,IT ETF,INF666M01LB9,GROWWAMC - GROWWLOVOL,IT ETF,INF666M01LB9,153583,Groww Nifty 500 Low Volatility 50 ETF,10.3396,03-Jul-2026,1.0,ISIN,Verified,,,,,,,,,,
GROWWMC150.NS,GROWWMC150,GROWWAMC - GROWWMC150,Broad Market ETF,INF666M01MV5,GROWWAMC - GROWWMC150,Broad Market ETF,INF666M01MV5,153940,Groww Nifty Midcap 150 ETF,229.2175,03-Jul-2026,1.0,ISIN,Verified,,,,,,,,,,
GROWWMETAL.NS,GROWWMETAL,GROWWAMC - GROWWMETAL,Broad Market ETF,INF666M01NI0,GROWWAMC - GROWWMETAL,Broad Market ETF,INF666M01NI0,154034,Groww Nifty Metal ETF,11.9948,03-Jul-2026,1.0,ISIN,Verified,,,,,,,,,,
GROWWMOM50.NS,GROWWMOM50,GROWWAMC - GROWWMOM50,Factor ETF,INF666M01KJ4,GROWWAMC - GROWWMOM50,Factor ETF,INF666M01KJ4,153452,Groww Nifty 500 Momentum 50 ETF,10.5827,03-Jul-2026,1.0,ISIN,Verified,,,,,,,,,,
GROWWN200.NS,GROWWN200,GROWWAMC - GROWWN200,Broad Market ETF,INF666M01JV1,GROWWAMC - GROWWN200,Broad Market ETF,INF666M01JV1,153329,Groww Nifty 200 ETF,11.3493,03-Jul-2026,1.0,ISIN,Verified,,,,,,,,,,
GROWWNET.NS,GROWWNET,GROWWAMC - GROWWNET,ETF,INF666M01LI4,GROWWAMC - GROWWNET,ETF,INF666M01LI4,153625,Groww Nifty India Internet ETF,9.6154,03-Jul-2026,1.0,ISIN,Verified,,,,,,,,,,
GROWWNIFTY.NS,GROWWNIFTY,GROWWAMC - GROWWNIFTY,Broad Market ETF,INF666M01LL8,GROWWAMC - GROWWNIFTY,Broad Market ETF,INF666M01LL8,153699,Groww Nifty 50 ETF,9.7931,03-Jul-2026,1.0,ISIN,Verified,,,,,,,,,,
GROWWNXT50.NS,GROWWNXT50,GROWWAMC - GROWWNXT50,ETF,INF666M01LZ8,GROWWAMC - GROWWNXT50,ETF,INF666M01LZ8,153785,Groww Nifty Next 50 ETF,72.4482,03-Jul-2026,1.0,ISIN,Verified,,,,,,,,,,
GROWWPOWER.NS,GROWWPOWER,GROWWAMC - GROWWPOWER,ETF,INF666M01LM6,GROWWAMC - GROWWPOWER,ETF,INF666M01LM6,153744,Groww BSE Power ETF,11.8013,03-Jul-2026,1.0,ISIN,Verified,,,,,,,,,,
GROWWPSE.NS,GROWWPSE,GROWWAMC - GROWWPSE,Broad Market ETF,INF666M01NQ3,GROWWAMC - GROWWPSE,Broad Market ETF,INF666M01NQ3,154163,Groww Nifty PSE ETF,100.3445,03-Jul-2026,1.0,ISIN,Verified,,,,,,,,,,
GROWWPSUBK.NS,GROWWPSUBK,GROWWAMC - GROWWPSUBK,Bank/Financial ETF,INF666M01OG2,GROWWAMC - GROWWPSUBK,Bank/Financial ETF,INF666M01OG2,154277,Groww Nifty PSU Bank ETF,84.4023,03-Jul-2026,1.0,ISIN,Verified,,,,,,,,,,
GROWWRAIL.NS,GROWWRAIL,GROWWAMC - GROWWRAIL,PSU/CPSE ETF,INF666M01JJ6,GROWWAMC - GROWWRAIL,PSU/CPSE ETF,INF666M01JJ6,153229,Groww Nifty India Railways PSU ETF,29.3758,03-Jul-2026,1.0,ISIN,Verified,,,,,,,,,,
GROWWRLTY.NS,GROWWRLTY,GROWWAMC - GROWWRLTY,ETF,INF666M01MN2,GROWWAMC - GROWWRLTY,ETF,INF666M01MN2,153899,Groww Nifty Realty ETF,9.9586,03-Jul-2026,1.0,ISIN,Verified,,,,,,,,,,
GROWWSC250.NS,GROWWSC250,GROWWAMC - GROWWSC250,Broad Market ETF,INF666M01MO0,GROWWAMC - GROWWSC250,Broad Market ETF,INF666M01MO0,153923,Groww Nifty Smallcap250 ETF,10.375,03-Jul-2026,1.0,ISIN,Verified,,,,,,,,,,
GROWWSLVR.NS,GROWWSLVR,GROWWAMC - GROWWSLVR,Silver ETF,INF666M01OF4,GROWWAMC - GROWWSLVR,Silver ETF,INF666M01OF4,153524,Groww Silver ETF,22.7171,03-Jul-2026,1.0,ISIN,Verified,,,,,,,,,,
GSEC10ABSL.NS,GSEC10ABSL,BIRLASLAMC - GSEC10ABSL,Parking/Debt ETF,INF209KC1142,BIRLASLAMC - GSEC10ABSL,Parking/Debt ETF,INF209KC1142,152802,Aditya Birla Sun Life Crisil 10 Year Gilt ETF,112.8217,03-Jul-2026,1.0,ISIN,Verified,,,,,,,,,,
GSEC10IETF.NS,GSEC10IETF,ICICIPRAMC-ICICI10GS,Parking/Debt ETF,INF109KC18O0,ICICIPRAMC-ICICI10GS,Parking/Debt ETF,INF109KC18O0,151196,ICICI Prudential Nifty 10 yr Benchmark G-sec ETF,264.8384,03-Jul-2026,1.0,ISIN,Verified,,,,,,,,,,
GSEC10YEAR.NS,GSEC10YEAR,MIRAEAMC-MAGS813ETF,Parking/Debt ETF,INF769K01KF8,MIRAEAMC-MAGS813ETF,Parking/Debt ETF,INF769K01KF8,151695,Mirae Asset Nifty 8-13 yr Gsec ETF,30.4211,03-Jul-2026,1.0,ISIN,Verified,,,,,,,,,,
GSEC5IETF.NS,GSEC5IETF,ICICIPRAMC-ICICI5GSEC,Parking/Debt ETF,INF109KC14A8,ICICIPRAMC-ICICI5GSEC,Parking/Debt ETF,INF109KC14A8,149928,ICICI Prudential Nifty 5 yr Benchmark G-SEC ETF,65.9792,03-Jul-2026,1.0,ISIN,Verified,,,,,,,,,,
HDFCBSE500.NS,HDFCBSE500,HDFCAMC-HDFCBSE500,International ETF,INF179KC1EZ4,HDFCAMC-HDFCBSE500,International ETF,INF179KC1EZ4,151376,HDFC BSE 500 ETF - Growth Option,37.3669,03-Jul-2026,1.0,ISIN,Verified,,,,,,,,,,
HDFCGOLD.NS,HDFCGOLD,HDFCGoldETF,Gold ETF,INF179KC1981,HDFCGoldETF,Gold ETF,INF179KC1981,113049,HDFC Gold ETF - Growth Option,124.0954,03-Jul-2026,1.0,ISIN,Verified,,,,,,,,,,
HDFCGROWTH.NS,HDFCGROWTH,HDFCAMC-HDFCGROWTH,Parking/Debt ETF,INF179KC1DJ0,HDFCAMC-HDFCGROWTH,Parking/Debt ETF,INF179KC1DJ0,150621,HDFC NIFTY GROWTH SECTORS 15 ETF - Growth Option,113.8076,03-Jul-2026,1.0,ISIN,Verified,,,,,,,,,,
HDFCLIQUID.NS,HDFCLIQUID,HDFCAMC-HDFCLIQUID,Parking/Debt ETF,INF179KC1JG3,HDFCAMC-HDFCLIQUID,Parking/Debt ETF,INF179KC1JG3,153403,HDFC NIFTY 1D RATE LIQUID ETF GROWTH,1067.6036,03-Jul-2026,1.0,ISIN,Verified,,,,,,,,,,
HDFCLOWVOL.NS,HDFCLOWVOL,HDFCAMC-HDFCLOWVOL,IT ETF,INF179KC1HU8,HDFCAMC-HDFCLOWVOL,IT ETF,INF179KC1HU8,150658,HDFC NIFTY100 Low Volatility 30 ETF - Growth Option,20.6462,03-Jul-2026,1.0,ISIN,Verified,,,,,,,,,,
HDFCMID150.NS,HDFCMID150,HDFCAMC-HDFCMID150,Broad Market ETF,INF179KC1HT0,HDFCAMC-HDFCMID150,Broad Market ETF,INF179KC1HT0,151374,HDFC NIFTY Midcap 150 ETF - Growth Option,23.1514,03-Jul-2026,1.0,ISIN,Verified,,,,,,,,,,
HDFCMOMENT.NS,HDFCMOMENT,HDFCAMC-HDFCMOMENT,Factor ETF,INF179KC1HV6,HDFCAMC-HDFCMOMENT,Factor ETF,INF179KC1HV6,150657,HDFC NIFTY200 MOMENTUM 30 ETF - Growth Option,30.7464,03-Jul-2026,1.0,ISIN,Verified,,,,,,,,,,
HDFCNEXT50.NS,HDFCNEXT50,HDFCAMC-HDFCNEXT50,Broad Market ETF,INF179KC1HS2,HDFCAMC-HDFCNEXT50,Broad Market ETF,INF179KC1HS2,150477,HDFC NIFTY NEXT 50 ETF - Growth Option,73.7388,03-Jul-2026,1.0,ISIN,Verified,,,,,,,,,,
HDFCNIF100.NS,HDFCNIF100,HDFCAMC-HDFCNIF100,Broad Market ETF,INF179KC1HR4,HDFCAMC-HDFCNIF100,Broad Market ETF,INF179KC1HR4,150476,HDFC NIFTY 100 ETF - Growth Option,26.1278,03-Jul-2026,1.0,ISIN,Verified,,,,,,,,,,
HDFCNIFBAN.NS,HDFCNIFBAN,HDFCAMC-HDFCNIFBAN,Bank/Financial ETF,INF179KC1HY0,HDFCAMC-HDFCNIFBAN,Bank/Financial ETF,INF179KC1HY0,148461,HDFC NIFTY Bank ETF - GROWTH,59.6346,03-Jul-2026,1.0,ISIN,Verified,,,,,,,,,,
HDFCNIFIT.NS,HDFCNIFIT,HDFCAMC-HDFCNIFIT,IT ETF,INF179KC1IA8,HDFCAMC-HDFCNIFIT,IT ETF,INF179KC1IA8,150801,HDFC NIFTY IT ETF - Growth option,29.2639,03-Jul-2026,1.0,ISIN,Verified,,,,,,,,,,
HDFCNIFTY.NS,HDFCNIFTY,HDFCAMC-HDFCNIFTY,Broad Market ETF,INF179KC1965,HDFCAMC-HDFCNIFTY,Broad Market ETF,INF179KC1965,135853,HDFC NIFTY 50 ETF - Growth Plan,273.0594,03-Jul-2026,1.0,ISIN,Verified,,,,,,,,,,
HDFCPSUBK.NS,HDFCPSUBK,HDFCAMCHDFCPSUBK,Bank/Financial ETF,INF179KC1HW4,HDFCAMCHDFCPSUBK,Bank/Financial ETF,INF179KC1HW4,152350,HDFC NIFTY PSU BANK ETF,85.1218,03-Jul-2026,1.0,ISIN,Verified,,,,,,,,,,
HDFCPVTBAN.NS,HDFCPVTBAN,HDFCAMC-HDFCPVTBAN,Bank/Financial ETF,INF179KC1HZ7,HDFCAMC-HDFCPVTBAN,Bank/Financial ETF,INF179KC1HZ7,150802,HDFC NIFTY Private Bank ETF - Growth Option,28.7272,03-Jul-2026,1.0,ISIN,Verified,,,,,,,,,,
HDFCQUAL.NS,HDFCQUAL,HDFCAMC-HDFCQUAL,Parking/Debt ETF,INF179KC1DL6,HDFCAMC-HDFCQUAL,Parking/Debt ETF,INF179KC1DL6,150620,HDFC NIFTY100 QUALITY 30 ETF - Growth Option,57.3697,03-Jul-2026,1.0,ISIN,Verified,,,,,,,,,,
HDFCSENSEX.NS,HDFCSENSEX,HDFCAMC-HDFCSENSEX,Broad Market ETF,INF179KC1HX2,HDFCAMC-HDFCSENSEX,Broad Market ETF,INF179KC1HX2,135854,HDFC BSE Sensex ETF - Growth Plan,88.0861,03-Jul-2026,1.0,ISIN,Verified,,,,,,,,,,
HDFCSILVER.NS,HDFCSILVER,HDFCAMC-HDFCSILVER,Parking/Debt ETF,INF179KC1DI2,HDFCAMC-HDFCSILVER,Parking/Debt ETF,INF179KC1DI2,150556,HDFC Silver ETF - Growth Option,221.6785,03-Jul-2026,1.0,ISIN,Verified,,,,,,,,,,
HDFCSML250.NS,HDFCSML250,HDFCAMC-HDFCSML250,Broad Market ETF,INF179KC1FB2,HDFCAMC-HDFCSML250,Broad Market ETF,INF179KC1FB2,151375,HDFC NIFTY Smallcap 250 ETF - Growth Option,181.1351,03-Jul-2026,1.0,ISIN,Verified,,,,,,,,,,
HDFCVALUE.NS,HDFCVALUE,HDFCAMC-HDFCVALUE,Parking/Debt ETF,INF179KC1DK8,HDFCAMC-HDFCVALUE,Parking/Debt ETF,INF179KC1DK8,150619,HDFC NIFTY 50 VALUE 20 ETF - Growth Option,127.1322,03-Jul-2026,1.0,ISIN,Verified,,,,,,,,,,
HEALTHADD.NS,HEALTHADD,DSPAMC-HEALTHADD,Pharma/Healthcare ETF,INF740KA1ZG1,DSPAMC-HEALTHADD,Pharma/Healthcare ETF,INF740KA1ZG1,152306,DSP Nifty Healthcare ETF,16.5804,03-Jul-2026,1.0,ISIN,Verified,,,,,,,,,,
HEALTHAXIS.NS,HEALTHAXIS,AXISAMC-HEALTHAXIS,Pharma/Healthcare ETF,INF846K01Z12,AXISAMC-HEALTHAXIS,Pharma/Healthcare ETF,INF846K01Z12,148934,Axis NIFTY Healthcare ETF,167.1722,03-Jul-2026,1.0,ISIN,Verified,,,,,,,,,,
HEALTHCARE.NS,HEALTHCARE,MIRAEAMC - HEALTHCARE,Pharma/Healthcare ETF,INF769K01QA6,MIRAEAMC - HEALTHCARE,Pharma/Healthcare ETF,INF769K01QA6,154169,Mirae Asset Nifty 500 Healthcare ETF,21.2788,03-Jul-2026,1.0,ISIN,Verified,,,,,,,,,,
HEALTHIETF.NS,HEALTHIETF,ICICIPRAMC-ICICIPHARM,Pharma/Healthcare ETF,INF109KC1Q72,ICICIPRAMC-ICICIPHARM,Pharma/Healthcare ETF,INF109KC1Q72,148957,ICICI Prudential Nifty Healthcare ETF,168.531,03-Jul-2026,1.0,ISIN,Verified,,,,,,,,,,
HEALTHY.NS,HEALTHY,BIRLASLAMC-HEALTHY,Pharma/Healthcare ETF,INF209KB10C2,BIRLASLAMC-HEALTHY,Pharma/Healthcare ETF,INF209KB10C2,149262,Aditya Birla Sun Life Nifty Healthcare ETF,16.8962,03-Jul-2026,1.0,ISIN,Verified,,,,,,,,,,
HNGSNGBEES.NS,HNGSNGBEES,NIPINDETFHANGSENGBEES,International ETF,INF204KB19I1,NIPINDETFHANGSENGBEES,International ETF,INF204KB19I1,140095,Nippon India ETF Hang Seng BeES,420.4947,03-Jul-2026,1.0,ISIN,Verified,,,,,,,,,,
HSBCGOLD.NS,HSBCGOLD,HSBCAMC - HSBCGOLD,Gold ETF,INF336L01RX2,HSBCAMC - HSBCGOLD,Gold ETF,INF336L01RX2,154294,HSBC Gold ETF,126.4377,03-Jul-2026,1.0,ISIN,Verified,,,,,,,,,,
ICICIB22.NS,ICICIB22,ICICIPRAMC-BHARATIWIN,International ETF,INF109KB15Y7,ICICIPRAMC-BHARATIWIN,International ETF,INF109KB15Y7,141957,BHARAT 22 ETF,118.5461,03-Jul-2026,1.0,ISIN,Verified,,,,,,,,,,
IDFNIFTYET.NS,IDFNIFTYET,BANDHANAMC-IDFNIFTYET,Broad Market ETF,INF194KA1U07,BANDHANAMC-IDFNIFTYET,Broad Market ETF,INF194KA1U07,139839,BANDHAN Nifty 50 ETF,267.7345,03-Jul-2026,1.0,ISIN,Verified,,,,,,,,,,
INFRA.NS,INFRA,MIRAEAMC - INFRA,Broad Market ETF,INF769K01QB4,MIRAEAMC - INFRA,Broad Market ETF,INF769K01QB4,154181,Mirae Asset Nifty India Infrastructure & Logistics ETF,12.3568,03-Jul-2026,1.0,ISIN,Verified,,,,,,,,,,
INFRABEES.NS,INFRABEES,NIPINDETFINFRABEES,Broad Market ETF,INF732E01268,NIPINDETFINFRABEES,Broad Market ETF,INF732E01268,140102,Nippon India ETF Nifty Infrastructure BeES,978.2109,03-Jul-2026,1.0,ISIN,Verified,,,,,,,,,,
INFRAIETF.NS,INFRAIETF,ICICIPRAMC-ICICIINFRA,Broad Market ETF,INF109KC16E5,ICICIPRAMC-ICICIINFRA,Broad Market ETF,INF109KC16E5,150526,ICICI Prudential Nifty Infrastructure ETF,97.3784,03-Jul-2026,1.0,ISIN,Verified,,,,,,,,,,
INTERNET.NS,INTERNET,MIRAEAMC - INTERNET,IT ETF,INF769K01PB6,MIRAEAMC - INTERNET,IT ETF,INF769K01PB6,153642,Mirae Asset Nifty India Internet ETF,12.9843,03-Jul-2026,1.0,ISIN,Verified,,,,,,,,,,
IT.NS,IT,KOTAKMAMC-KOTAKIT,IT ETF,INF174KA1GC5,KOTAKMAMC-KOTAKIT,IT ETF,INF174KA1GC5,148763,Kotak Nifty IT ETF,30.425,03-Jul-2026,1.0,ISIN,Verified,,,,,,,,,,
ITADD.NS,ITADD,DSPAMC - DSPIT,IT ETF,INF740KA1SX1,DSPAMC - DSPIT,IT ETF,INF740KA1SX1,151820,DSP Nifty IT ETF,29.0551,03-Jul-2026,1.0,ISIN,Verified,,,,,,,,,,
ITAXIS.NS,ITAXIS,AXISAMC-ITAXIS,IT ETF,INF846K01Y96,AXISAMC-ITAXIS,IT ETF,INF846K01Y96,148799,Axis IT ETF,301.8434,03-Jul-2026,1.0,ISIN,Verified,,,,,,,,,,
ITBEES.NS,ITBEES,NIPINDETFIT,IT ETF,INF204KB15V2,NIPINDETFIT,IT ETF,INF204KB15V2,148408,Nippon India ETF Nifty IT,30.431,03-Jul-2026,1.0,ISIN,Verified,,,,,,,,,,
ITBETA.NS,ITBETA,UTIAMC -ITBETA,IT ETF,INF789F1AZD8,UTIAMC -ITBETA,IT ETF,INF789F1AZD8,152355,UTI Nifty IT ETF,288.0886,03-Jul-2026,1.0,ISIN,Verified,,,,,,,,,,
ITETF.NS,ITETF,MIRAEAMC-ITETF,IT ETF,INF769K01KV5,MIRAEAMC-ITETF,IT ETF,INF769K01KV5,152155,Mirae Asset Nifty IT ETF,29.0188,03-Jul-2026,1.0,ISIN,Verified,,,,,,,,,,
ITIETF.NS,ITIETF,ICICIPRAMC-ICICITECH,IT ETF,INF109KC16I6,ICICIPRAMC-ICICITECH,IT ETF,INF109KC16I6,148466,ICICI Prudential Nifty IT ETF,30.4374,03-Jul-2026,1.0,ISIN,Verified,,,,,,,,,,
IVZINGOLD.NS,IVZINGOLD,InvescoIndiaGoldETF,Gold ETF,INF205KA1BP1,InvescoIndiaGoldETF,Gold ETF,INF205KA1BP1,112368,Invesco India Gold Exchange Traded Fund,126.2958,03-Jul-2026,1.0,ISIN,Verified,,,,,,,,,,
IVZINNIFTY.NS,IVZINNIFTY,InvescoMF-NiftyETF,Parking/Debt ETF,INF205K01DA9,InvescoMF-NiftyETF,Parking/Debt ETF,INF205K01DA9,115284,Invesco India Nifty 50 Exchange Traded Fund,2778.875,03-Jul-2026,1.0,ISIN,Verified,,,,,,,,,,
JUNIORBEES.NS,JUNIORBEES,NIP IND ETF JUNIOR BEES,Broad Market ETF,INF732E01045,NIP IND ETF JUNIOR BEES,Broad Market ETF,INF732E01045,140085,Nippon India ETF Nifty Next 50 Junior BeES,779.6515,03-Jul-2026,1.0,ISIN,Verified,,,,,,,,,,
LICMFGOLD.NS,LICMFGOLD,LICMF LICGoldETF,Gold ETF,INF397L01554,LICMF LICGoldETF,Gold ETF,INF397L01554,151961,LIC MF Gold Exchange Traded Fund,130.8851,03-Jul-2026,0.7407407407407407,Fuzzy,Review,,,,,,,,,,
LICNETFGSC.NS,LICNETFGSC,LICNAMC-LICNMFET,Parking/Debt ETF,INF767K01MV5,LICNAMC-LICNMFET,Parking/Debt ETF,INF767K01MV5,133307,LIC MF Nifty 8-13 yr G-Sec ETF,29.4453,03-Jul-2026,1.0,ISIN,Verified,,,,,,,,,,
LICNETFN50.NS,LICNETFN50,LICNAMC-LICNFENGP,Broad Market ETF,INF767K01OS7,LICNAMC-LICNFENGP,Broad Market ETF,INF767K01OS7,135607,LIC MF Nifty 50 ETF,271.8263,03-Jul-2026,1.0,ISIN,Verified,,,,,,,,,,
LICNETFSEN.NS,LICNETFSEN,LICNAMC-LICNFESGP,Broad Market ETF,INF767K01OT5,LICNAMC-LICNFESGP,Broad Market ETF,INF767K01OT5,135672,LIC MF BSE Sensex ETF,877.0716,03-Jul-2026,1.0,ISIN,Verified,,,,,,,,,,
LICNFNHGP.NS,LICNFNHGP,LICNAMC-LICNFNHGP,Broad Market ETF,INF767K01PC8,LICNAMC-LICNFNHGP,Broad Market ETF,INF767K01PC8,136473,LIC MF Nifty 100 ETF,276.9589,03-Jul-2026,1.0,ISIN,Verified,,,,,,,,,,
LICNMID100.NS,LICNMID100,LICNAMC-LICNMID100,Broad Market ETF,INF767K01RN1,LICNAMC-LICNMID100,Broad Market ETF,INF767K01RN1,152404,LIC MF Nifty Midcap 100 ETF,62.5371,03-Jul-2026,1.0,ISIN,Verified,,,,,,,,,,
LIQGRWBEES.NS,LIQGRWBEES,NIPPONAMC - LIQGRWBEES,Parking/Debt ETF,INF204KC1FU1,NIPPONAMC - LIQGRWBEES,Parking/Debt ETF,INF204KC1FU1,153725,Nippon India Nifty 1D Rate Liquid ETF-Growth,1045.9685,03-Jul-2026,1.0,ISIN,Verified,,,,,,,,,,
LIQUID.NS,LIQUID,MIRAEAMC-LIQUID,Parking/Debt ETF,INF769K01KS1,MIRAEAMC-LIQUID,Parking/Debt ETF,INF769K01KS1,151908,Mirae Asset Nifty 1D Rate Liquid ETF-IDCW,1000.0,03-Jul-2026,1.0,ISIN,Verified,,,,,,,,,,
LIQUID1.NS,LIQUID1,KOTAKMAMC-KOTAKLIQ,Parking/Debt ETF,INF174KA1LV5,KOTAKMAMC-KOTAKLIQ,Parking/Debt ETF,INF174KA1LV5,151358,Kotak Nifty 1D Rate Liquid ETF,1111.7102,03-Jul-2026,1.0,ISIN,Verified,,,,,,,,,,
LIQUIDADD.NS,LIQUIDADD,DSPAMC-LIQUIDADD,Parking/Debt ETF,INF740KA1UM0,DSPAMC-LIQUIDADD,Parking/Debt ETF,INF740KA1UM0,152555,DSP BSE Liquid Rate ETF,1133.8621,03-Jul-2026,1.0,ISIN,Verified,,,,,,,,,,
LIQUIDBEES.NS,LIQUIDBEES,NIPINDETFLIQUIDBEES,Parking/Debt ETF,INF732E01037,NIPINDETFLIQUIDBEES,Parking/Debt ETF,INF732E01037,140086,Nippon India ETF Nifty 1D Rate Liquid BeES - DAILY IDCW Option,1000.0,03-Jul-2026,1.0,ISIN,Verified,,,,,,,,,,
LIQUIDBETF.NS,LIQUIDBETF,BFAM-LIQUIDBETF,Parking/Debt ETF,INF0QA701854,BFAM-LIQUIDBETF,Parking/Debt ETF,INF0QA701854,152638,Bajaj Finserv Nifty 1D Rate Liquid ETF,1088.5329,03-Jul-2026,1.0,ISIN,Verified,,,,,,,,,,
LIQUIDCASE.NS,LIQUIDCASE,ZERODHAAMC-LIQUIDCASE,Parking/Debt ETF,INF0R8F01034,ZERODHAAMC-LIQUIDCASE,Parking/Debt ETF,INF0R8F01034,152327,Zerodha Nifty 1D Rate Liquid ETF - Growth Option,114.819,03-Jul-2026,1.0,ISIN,Verified,,,,,,,,,,
LIQUIDETF.NS,LIQUIDETF,DSPAMC-LIQUIDETF,Parking/Debt ETF,INF740KA1EU7,DSPAMC-LIQUIDETF,Parking/Debt ETF,INF740KA1EU7,142589,DSP NIFTY 1D Rate Liquid ETF,1000.0,03-Jul-2026,1.0,ISIN,Verified,,,,,,,,,,
LIQUIDIETF.NS,LIQUIDIETF,ICICIPRAMC-ICICILIQ,Parking/Debt ETF,INF109KC1KT9,ICICIPRAMC-ICICILIQ,Parking/Debt ETF,INF109KC1KT9,144947,ICICI Prudential BSE Liquid Rate ETF - IDCW,1000.0,03-Jul-2026,1.0,ISIN,Verified,,,,,,,,,,
LIQUIDPLUS.NS,LIQUIDPLUS,MIRAEAMC - LIQUIDPLUS,Parking/Debt ETF,INF769K01MY5,MIRAEAMC - LIQUIDPLUS,Parking/Debt ETF,INF769K01MY5,153045,Mirae Asset Nifty 1D Rate Liquid ETF - Growth,1092.6435,03-Jul-2026,1.0,ISIN,Verified,,,,,,,,,,
LIQUIDSBI.NS,LIQUIDSBI,SBIAMC-LIQUIDSBI,Parking/Debt ETF,INF200KA13Z8,SBIAMC-LIQUIDSBI,Parking/Debt ETF,INF200KA13Z8,152168,SBI NIFTY 1D Rate Liquid ETF - IDCW,1000.0,03-Jul-2026,1.0,ISIN,Verified,,,,,,,,,,
LIQUIDSHRI.NS,LIQUIDSHRI,SHRIRAM - LIQUIDSHRI,Parking/Debt ETF,INF680P01422,SHRIRAM - LIQUIDSHRI,Parking/Debt ETF,INF680P01422,152741,Shriram Nifty 1D Rate Liquid ETF - Growth,1111.2874,03-Jul-2026,1.0,ISIN,Verified,,,,,,,,,,
LOWVOL.NS,LOWVOL,MIRAEAMC-MANV30F,IT ETF,INF769K01JU9,MIRAEAMC-MANV30F,IT ETF,INF769K01JU9,151604,Mirae Asset Nifty 100 Low Volatility 30 ETF,206.6836,03-Jul-2026,1.0,ISIN,Verified,,,,,,,,,,
LOWVOL1.NS,LOWVOL1,KOTAKMAMC-KOTAKLOVOL,Broad Market ETF,INF174KA1IY5,KOTAKMAMC-KOTAKLOVOL,Broad Market ETF,INF174KA1IY5,150000,Kotak Nifty 100 Low Volatility 30 ETF,21.1233,03-Jul-2026,1.0,ISIN,Verified,,,,,,,,,,
LOWVOLIETF.NS,LOWVOLIETF,ICICIPruNiftyLowvol30,IT ETF,INF109KC19U5,ICICIPruNiftyLowvol30,IT ETF,INF109KC19U5,141596,ICICI Prudential Nifty 100 Low Volatility 30 ETF,22.1821,03-Jul-2026,1.0,ISIN,Verified,,,,,,,,,,
LTGILTBEES.NS,LTGILTBEES,NIPINDETFLONGTERMGILT,Parking/Debt ETF,INF204KB1882,NIPINDETFLONGTERMGILT,Parking/Debt ETF,INF204KB1882,139496,Nippon India ETF Nifty 8-13 yr G-Sec Long Term Gilt,29.9202,03-Jul-2026,1.0,ISIN,Verified,,,,,,,,,,
LTGILTCASE.NS,LTGILTCASE,ZERODHAAMC - LTGILTCASE,Parking/Debt ETF,INF0R8F01133,ZERODHAAMC - LTGILTCASE,Parking/Debt ETF,INF0R8F01133,153811,Zerodha Nifty 8-13 Yr G-Sec ETF,30.4734,03-Jul-2026,1.0,ISIN,Verified,,,,,,,,,,
MAFANG.NS,MAFANG,MIRAEAMC-MAFANG,International ETF,INF769K01HF4,MIRAEAMC-MAFANG,International ETF,INF769K01HF4,148927,Mirae Asset NYSE FANG + ETF,159.8231,02-Jul-2026,1.0,ISIN,Verified,,,,,,,,,,
MAHKTECH.NS,MAHKTECH,MIRAEAMC-MAHKTECH,International ETF,INF769K01HS7,MIRAEAMC-MAHKTECH,International ETF,INF769K01HS7,149379,Mirae Asset Hang Seng TECH ETF,18.3474,03-Jul-2026,1.0,ISIN,Verified,,,,,,,,,,
MAKEINDIA.NS,MAKEINDIA,MIRAEAMC-MAMFGETF,Broad Market ETF,INF769K01IB1,MIRAEAMC-MAMFGETF,Broad Market ETF,INF769K01IB1,149786,Mirae Asset Nifty India Manufacturing ETF,162.2513,03-Jul-2026,1.0,ISIN,Verified,,,,,,,,,,
MANUFGBEES.NS,MANUFGBEES,NIPPONAMC - MANUFGBEES,Broad Market ETF,INF204KC1GH6,NIPPONAMC - MANUFGBEES,Broad Market ETF,INF204KC1GH6,153810,Nippon India Nifty India Manufacturing ETF,160.1188,03-Jul-2026,1.0,ISIN,Verified,,,,,,,,,,
MASPTOP50.NS,MASPTOP50,MIRAEAMC-MASPTOP50,International ETF,INF769K01HP3,MIRAEAMC-MASPTOP50,International ETF,INF769K01HP3,149169,Mirae Asset S&P 500 Top 50 ETF,64.9814,02-Jul-2026,1.0,ISIN,Verified,,,,,,,,,,
METAL.NS,METAL,MIRAEAMC - METAL,Broad Market ETF,INF769K01LY7,MIRAEAMC - METAL,Broad Market ETF,INF769K01LY7,152924,Mirae Asset Nifty Metal ETF,12.7062,03-Jul-2026,1.0,ISIN,Verified,,,,,,,,,,
METALIETF.NS,METALIETF,ICICIPRAMC - METALIETF,Broad Market ETF,INF109KC19W1,ICICIPRAMC - METALIETF,Broad Market ETF,INF109KC19W1,152769,ICICI Prudential Nifty Metal ETF,12.6618,03-Jul-2026,1.0,ISIN,Verified,,,,,,,,,,
MID150.NS,MID150,KOTAKMAMC - MID150,Broad Market ETF,INF174KA1VW2,KOTAKMAMC - MID150,Broad Market ETF,INF174KA1VW2,153398,Kotak Nifty Midcap 150 ETF,23.231,03-Jul-2026,1.0,ISIN,Verified,,,,,,,,,,
MID150BEES.NS,MID150BEES,NIPINDETFMIDCAP150,Broad Market ETF,INF204KB1V68,NIPINDETFMIDCAP150,Broad Market ETF,INF204KB1V68,146271,Nippon India ETF Nifty Midcap 150,236.2543,03-Jul-2026,1.0,ISIN,Verified,,,,,,,,,,
MID150CASE.NS,MID150CASE,ZERODHAAMC-MID150CASE,Broad Market ETF,INF0R8F01059,ZERODHAAMC-MID150CASE,Broad Market ETF,INF0R8F01059,152668,Zerodha Nifty Midcap 150 ETF,11.4932,03-Jul-2026,1.0,ISIN,Verified,,,,,,,,,,
MIDCAP.NS,MIDCAP,KOTAKMAMC-KOTAKMID50,Broad Market ETF,INF174KA1ZC5,KOTAKMAMC-KOTAKMID50,Broad Market ETF,INF174KA1ZC5,149757,Kotak Nifty Midcap 50 ETF,18.1465,03-Jul-2026,1.0,ISIN,Verified,,,,,,,,,,
MIDCAPADD.NS,MIDCAPADD,DSPAMC - MIDCAPADD,Broad Market ETF,INF740KA1WW5,DSPAMC - MIDCAPADD,Broad Market ETF,INF740KA1WW5,154025,DSP Nifty Midcap 150 ETF,22.9117,03-Jul-2026,1.0,ISIN,Verified,,,,,,,,,,
MIDCAPBETA.NS,MIDCAPBETA,UTIAMC-MIDCAPBETA,International ETF,INF789F1AYX9,UTIAMC-MIDCAPBETA,International ETF,INF789F1AYX9,152050,UTI Nifty Midcap 150 Exchange Traded Fund,231.0166,03-Jul-2026,1.0,ISIN,Verified,,,,,,,,,,
MIDCAPETF.NS,MIDCAPETF,MIRAEAMC-MAM150ETF,Broad Market ETF,INF769K01IC9,MIRAEAMC-MAM150ETF,Broad Market ETF,INF769K01IC9,149918,Mirae Asset Nifty Midcap 150 ETF,23.3689,03-Jul-2026,1.0,ISIN,Verified,,,,,,,,,,
MIDCAPIETF.NS,MIDCAPIETF,ICICIPRAMC-ICICIM150,Broad Market ETF,INF109KC11W8,ICICIPRAMC-ICICIM150,Broad Market ETF,INF109KC11W8,147921,ICICI Prudential Nifty Midcap 150 ETF,23.6573,03-Jul-2026,1.0,ISIN,Verified,,,,,,,,,,
MIDQ50ADD.NS,MIDQ50ADD,DSPAMC-DSPQ50ETF,IT ETF,INF740KA1ZF3,DSPAMC-DSPQ50ETF,IT ETF,INF740KA1ZF3,149403,DSP Nifty Midcap 150 Quality 50 ETF,24.6921,03-Jul-2026,1.0,ISIN,Verified,,,,,,,,,,
MIDSELIETF.NS,MIDSELIETF,ICICIPruMidcapSelETF,Broad Market ETF,INF109KC10W0,ICICIPruMidcapSelETF,Broad Market ETF,INF109KC10W0,139519,ICICI Prudential BSE Midcap Select ETF,19.0707,03-Jul-2026,1.0,ISIN,Verified,,,,,,,,,,
MIDSMALL.NS,MIDSMALL,MIRAEAMC-MIDSMALL,IT ETF,INF769K01LJ8,MIRAEAMC-MIDSMALL,IT ETF,INF769K01LJ8,152634,Mirae Asset Nifty MidSmallcap400 Momentum Quality 100 ETF,50.5719,03-Jul-2026,1.0,ISIN,Verified,,,,,,,,,,
MNC.NS,MNC,KOTAKMAMC-KOTAKMNC,Broad Market ETF,INF174KA1JF2,KOTAKMAMC-KOTAKMNC,Broad Market ETF,INF174KA1JF2,150531,Kotak Nifty MNC ETF,33.7562,03-Jul-2026,1.0,ISIN,Verified,,,,,,,,,,
MOALPHA50.NS,MOALPHA50,MOTILALAMC - MOALPHA50,Factor ETF,INF247L01FR8,MOTILALAMC - MOALPHA50,Factor ETF,INF247L01FR8,153724,Motilal Oswal Nifty Alpha 50 ETF,53.2096,03-Jul-2026,1.0,ISIN,Verified,,,,,,,,,,
MOBANK10.NS,MOBANK10,MOTILALAMC - MOBANK10,Bank/Financial ETF,INF247L01GV8,MOTILALAMC - MOBANK10,Bank/Financial ETF,INF247L01GV8,154322,Motilal Oswal BSE Top 10 Banks ETF,17.3665,03-Jul-2026,1.0,ISIN,Verified,,,,,,,,,,
MOCAPITAL.NS,MOCAPITAL,MOTILALAMC - MOCAPITAL,IT ETF,INF247L01EV3,MOTILALAMC - MOCAPITAL,IT ETF,INF247L01EV3,153406,Motilal Oswal Nifty Capital Market ETF,55.6426,03-Jul-2026,1.0,ISIN,Verified,,,,,,,,,,
MODEFENCE.NS,MODEFENCE,MOTILALAMC - MODEFENCE,Parking/Debt ETF,INF247L01DJ0,MOTILALAMC - MODEFENCE,Parking/Debt ETF,INF247L01DJ0,152846,Motilal Oswal Nifty India Defence ETF,105.1009,03-Jul-2026,1.0,ISIN,Verified,,,,,,,,,,
MOENERGY.NS,MOENERGY,MOTILALAMC - MOENERGY,Broad Market ETF,INF247L01GH7,MOTILALAMC - MOENERGY,Broad Market ETF,INF247L01GH7,153931,Motilal Oswal Nifty Energy ETF,39.2704,03-Jul-2026,1.0,ISIN,Verified,,,,,,,,,,
MOGOLD.NS,MOGOLD,MOTILALAMC - MOGOLD,Gold ETF,INF247L01FY4,MOTILALAMC - MOGOLD,Gold ETF,INF247L01FY4,153780,Motilal Oswal Gold ETF,143.7063,03-Jul-2026,1.0,ISIN,Verified,,,,,,,,,,
MOGSEC.NS,MOGSEC,MOTILALAMC-G5,Parking/Debt ETF,INF247L01AK4,MOTILALAMC-G5,Parking/Debt ETF,INF247L01AK4,148620,Motilal Oswal Nifty 5 year Benchmark G-sec ETF,65.0182,03-Jul-2026,1.0,ISIN,Verified,,,,,,,,,,
MOHEALTH.NS,MOHEALTH,MOTILALAMC-MOHEALTH,International ETF,INF247L01BB1,MOTILALAMC-MOHEALTH,International ETF,INF247L01BB1,150445,Motilal Oswal BSE Healthcare ETF,50.7225,03-Jul-2026,1.0,ISIN,Verified,,,,,,,,,,
MOINFRA.NS,MOINFRA,MOTILALAMC - MOINFRA,ETF,INF247L01FL1,MOTILALAMC - MOINFRA,ETF,INF247L01FL1,153564,Motilal Oswal BSE India Infrastructure ETF,62.6857,03-Jul-2026,1.0,ISIN,Verified,,,,,,,,,,
MOIPO.NS,MOIPO,MOTILALAMC - MOIPO,ETF,INF247L01GI5,MOTILALAMC - MOIPO,ETF,INF247L01GI5,154003,Motilal Oswal BSE Select IPO ETF,45.9001,03-Jul-2026,1.0,ISIN,Verified,,,,,,,,,,
MOLOWVOL.NS,MOLOWVOL,MOTILALAMC-MOLOWVOL,Broad Market ETF,INF247L01BL0,MOTILALAMC-MOLOWVOL,Broad Market ETF,INF247L01BL0,149921,Motilal Oswal BSE Low Volatility ETF,37.3083,03-Jul-2026,1.0,ISIN,Verified,,,,,,,,,,
MOM100.NS,MOM100,MotilalOsMidcap100ETF,Broad Market ETF,INF247L01023,MotilalOsMidcap100ETF,Broad Market ETF,INF247L01023,114456,Motilal Oswal Nifty Midcap 100 ETF,67.0393,03-Jul-2026,1.0,ISIN,Verified,,,,,,,,,,
MOM30IETF.NS,MOM30IETF,ICICIPRAMC-ICICIMOM30,Factor ETF,INF109KC17C7,ICICIPRAMC-ICICIMOM30,Factor ETF,INF109KC17C7,150455,ICICI Prudential Nifty 200 Momentum 30 ETF,31.0188,03-Jul-2026,1.0,ISIN,Verified,,,,,,,,,,
MOM50.NS,MOM50,MotilalOswalM50ETF,Broad Market ETF,INF247L01536,MotilalOswalM50ETF,Broad Market ETF,INF247L01536,113069,Motilal Oswal Nifty 50 ETF,253.6861,03-Jul-2026,1.0,ISIN,Verified,,,,,,,,,,
MOMENTUM.NS,MOMENTUM,BIRLASLAMC-MOMENTUM,IT ETF,INF209KB14K7,BIRLASLAMC-MOMENTUM,IT ETF,INF209KB14K7,150498,Aditya Birla Sun Life Nifty 200 Momentum 30 ETF,30.8489,03-Jul-2026,1.0,ISIN,Verified,,,,,,,,,,
MOMENTUM30.NS,MOMENTUM30,KOTAKMAMC - MOMENTUM30,Factor ETF,INF174KA1XS6,KOTAKMAMC - MOMENTUM30,Factor ETF,INF174KA1XS6,153904,Kotak Nifty 200 Momentum 30 ETF,30.459,03-Jul-2026,1.0,ISIN,Verified,,,,,,,,,,
MOMENTUM50.NS,MOMENTUM50,MOTILALAMC - MOMENTUM50,Parking/Debt ETF,INF247L01DK8,MOTILALAMC - MOMENTUM50,Parking/Debt ETF,INF247L01DK8,152874,Motilal Oswal Nifty 500 Momentum 50 ETF,52.2813,03-Jul-2026,1.0,ISIN,Verified,,,,,,,,,,
MOMGF.NS,MOMGF,MOTILALAMC - MOMGF,Broad Market ETF,INF247L01FK3,MOTILALAMC - MOMGF,Broad Market ETF,INF247L01FK3,153572,Motilal Oswal Nifty India Manufacturing ETF,159.1426,03-Jul-2026,1.0,ISIN,Verified,,,,,,,,,,
MOMIDMTM.NS,MOMIDMTM,MOTILALAMC - MOMIDMTM,Factor ETF,INF247L01FQ0,MOTILALAMC - MOMIDMTM,Factor ETF,INF247L01FQ0,153694,Motilal Oswal Nifty Midcap150 Momentum 50 ETF,63.0411,03-Jul-2026,1.0,ISIN,Verified,,,,,,,,,,
MOMNC.NS,MOMNC,MOTILALAMC - MOMNC,Broad Market ETF,INF247L01GK1,MOTILALAMC - MOMNC,Broad Market ETF,INF247L01GK1,154062,Motilal Oswal Nifty MNC ETF,32.7064,03-Jul-2026,1.0,ISIN,Verified,,,,,,,,,,
MOMOMENTUM.NS,MOMOMENTUM,MOTILALAMC-MOMOMENTUM,Factor ETF,INF247L01BK2,MOTILALAMC-MOMOMENTUM,Factor ETF,INF247L01BK2,149801,Motilal Oswal Nifty 200 Momentum 30 ETF,61.6651,03-Jul-2026,1.0,ISIN,Verified,,,,,,,,,,
MON100.NS,MON100,MotilalOsNASDAQ100ETF,International ETF,INF247L01AP3,MotilalOsNASDAQ100ETF,International ETF,INF247L01AP3,114984,Motilal Oswal Nasdaq 100 ETF (MOFN100),272.7364,03-Jul-2026,1.0,ISIN,Verified,,,,,,,,,,
MON50EQUAL.NS,MON50EQUAL,MOTILALAMC - MON50EQUAL,Broad Market ETF,INF247L01FC0,MOTILALAMC - MON50EQUAL,Broad Market ETF,INF247L01FC0,153532,MOTILAL OSWAL NIFTY 50 EQUAL WEIGHT ETF,33.3837,03-Jul-2026,1.0,ISIN,Verified,,,,,,,,,,
MONEXT50.NS,MONEXT50,MOTILALAMC - MONEXT50,Broad Market ETF,INF247L01FD8,MOTILALAMC - MONEXT50,Broad Market ETF,INF247L01FD8,153535,MOTILAL OSWAL NIFTY NEXT 50 ETF,72.0457,03-Jul-2026,1.0,ISIN,Verified,,,,,,,,,,
MONIFTY100.NS,MONIFTY100,MOTILALAMC - MONIFTY100,Broad Market ETF,INF247L01GG9,MOTILALAMC - MONIFTY100,Broad Market ETF,INF247L01GG9,153928,Motilal Oswal Nifty 100 ETF,25.4315,03-Jul-2026,1.0,ISIN,Verified,,,,,,,,,,
MONIFTY500.NS,MONIFTY500,MOTILALAMC-MONIFTY500,Broad Market ETF,INF247L01BU1,MOTILALAMC-MONIFTY500,Broad Market ETF,INF247L01BU1,152106,Motilal Oswal Nifty 500 ETF,23.7959,03-Jul-2026,1.0,ISIN,Verified,,,,,,,,,,
MONQ50.NS,MONQ50,MOTILALAMC-MONQ50,International ETF,INF247L01AU3,MOTILALAMC-MONQ50,International ETF,INF247L01AU3,149438,Motilal Oswal Nasdaq Q50 ETF,121.0831,03-Jul-2026,1.0,ISIN,Verified,,,,,,,,,,
MOPSE.NS,MOPSE,MOTILALAMC - MOPSE,Broad Market ETF,INF247L01FO5,MOTILALAMC - MOPSE,Broad Market ETF,INF247L01FO5,153608,Motilal Oswal Nifty PSE ETF,101.5644,03-Jul-2026,1.0,ISIN,Verified,,,,,,,,,,
MOQUALITY.NS,MOQUALITY,MOTILALAMC-MOQUALITY,International ETF,INF247L01BH8,MOTILALAMC-MOQUALITY,International ETF,INF247L01BH8,150520,Motilal Oswal BSE Quality ETF,200.8565,03-Jul-2026,1.0,ISIN,Verified,,,,,,,,,,
MOREALTY.NS,MOREALTY,MOTILALAMC-MOREALTY,Broad Market ETF,INF247L01CI4,MOTILALAMC-MOREALTY,Broad Market ETF,INF247L01CI4,152541,Motilal Oswal Nifty Realty ETF,88.8992,03-Jul-2026,1.0,ISIN,Verified,,,,,,,,,,
MOSERVICE.NS,MOSERVICE,MOTILALAMC - MOSERVICE,Broad Market ETF,INF247L01GJ3,MOTILALAMC - MOSERVICE,Broad Market ETF,INF247L01GJ3,154033,Motilal Oswal Nifty Services Sector ETF,31.1929,03-Jul-2026,1.0,ISIN,Verified,,,,,,,,,,
MOSILVER.NS,MOSILVER,MOTILALAMC - MOSILVER,Silver ETF,INF247L01FZ1,MOTILALAMC - MOSILVER,Silver ETF,INF247L01FZ1,153820,Motilal Oswal Silver ETF,229.0785,03-Jul-2026,1.0,ISIN,Verified,,,,,,,,,,
MOSMALL250.NS,MOSMALL250,MOTILALAMC-MOSMALL250,Broad Market ETF,INF247L01CH6,MOTILALAMC-MOSMALL250,Broad Market ETF,INF247L01CH6,152546,Motilal Oswal Nifty Smallcap 250 ETF,18.0603,03-Jul-2026,1.0,ISIN,Verified,,,,,,,,,,
MOTOUR.NS,MOTOUR,MOTILALAMC - MOTOUR,Broad Market ETF,INF247L01FP2,MOTILALAMC - MOTOUR,Broad Market ETF,INF247L01FP2,153618,Motilal Oswal Nifty India Tourism ETF,80.8117,03-Jul-2026,1.0,ISIN,Verified,,,,,,,,,,
MOVALUE.NS,MOVALUE,MOTILALAMC-MOVALUE,International ETF,INF247L01BE5,MOTILALAMC-MOVALUE,International ETF,INF247L01BE5,150517,Motilal Oswal BSE Enhanced Value ETF,114.387,03-Jul-2026,1.0,ISIN,Verified,,,,,,,,,,
MSCI360.NS,MSCI360,360ONEAMC - MSCI360,ETF,INF579M01BP5,360ONEAMC - MSCI360,ETF,INF579M01BP5,154366,360 ONE MSCI India ETF,10.109,03-Jul-2026,1.0,ISIN,Verified,,,,,,,,,,
MSCIADD.NS,MSCIADD,DSPAMC - MSCIADD,ETF,INF740KA1WV7,DSPAMC - MSCIADD,ETF,INF740KA1WV7,153975,DSP MSCI INDIA ETF,29.5769,03-Jul-2026,1.0,ISIN,Verified,,,,,,,,,,
MSCIINDIA.NS,MSCIINDIA,KOTAKMAMC - MSCIINDIA,ETF,INF174KA1VD2,KOTAKMAMC - MSCIINDIA,ETF,INF174KA1VD2,153314,Kotak MSCI India ETF,29.865,03-Jul-2026,1.0,ISIN,Verified,,,,,,,,,,
MULTICAP.NS,MULTICAP,MIRAEAMC - MULTICAP,Broad Market ETF,INF769K01LX9,MIRAEAMC - MULTICAP,Broad Market ETF,INF769K01LX9,152811,Mirae Asset Nifty500 Multicap 50:25:25 ETF,16.6505,03-Jul-2026,1.0,ISIN,Verified,,,,,,,,,,
NETF.NS,NETF,TATAAML-NETF,International ETF,INF277K015R5,TATAAML-NETF,International ETF,INF277K015R5,145801,Tata Nifty 50 Exchange Traded Fund,263.7398,03-Jul-2026,1.0,ISIN,Verified,,,,,,,,,,
NEXT30ADD.NS,NEXT30ADD,DSPAMC - NEXT30ADD,Broad Market ETF,INF740KA1VE5,DSPAMC - NEXT30ADD,Broad Market ETF,INF740KA1VE5,153228,DSP BSE SENSEX Next 30 ETF,42.3847,03-Jul-2026,1.0,ISIN,Verified,,,,,,,,,,
NEXT50.NS,NEXT50,MIRAEAMC-MANXT50,Broad Market ETF,INF769K01FN2,MIRAEAMC-MANXT50,Broad Market ETF,INF769K01FN2,147906,Mirae Asset Nifty Next 50 ETF,744.3617,03-Jul-2026,1.0,ISIN,Verified,,,,,,,,,,
NEXT50ADD.NS,NEXT50ADD,DSPAMC - NEXT50ADD,Broad Market ETF,INF740KA1XU7,DSPAMC - NEXT50ADD,Broad Market ETF,INF740KA1XU7,154087,DSP Nifty Next 50 ETF,72.4818,03-Jul-2026,1.0,ISIN,Verified,,,,,,,,,,
NEXT50BETA.NS,NEXT50BETA,UTIAMC -NEXT50BETA,Broad Market ETF,INF789F1AUW9,UTIAMC -NEXT50BETA,Broad Market ETF,INF789F1AUW9,141665,UTI Nifty Next 50 Exchange Traded Fund,77.8888,03-Jul-2026,1.0,ISIN,Verified,,,,,,,,,,
NEXT50ETF.NS,NEXT50ETF,KOTAKMAMC - NEXT50ETF,Broad Market ETF,INF174KA1YO3,KOTAKMAMC - NEXT50ETF,Broad Market ETF,INF174KA1YO3,154101,Kotak Nifty Next 50 ETF,72.635,03-Jul-2026,1.0,ISIN,Verified,,,,,,,,,,
NEXT50IETF.NS,NEXT50IETF,ICICIPRAMC-ICICINXT50,Broad Market ETF,INF109KC1NS5,ICICIPRAMC-ICICINXT50,Broad Market ETF,INF109KC1NS5,144587,ICICI Prudential Nifty Next 50 ETF,76.091,03-Jul-2026,1.0,ISIN,Verified,,,,,,,,,,
NIF100BEES.NS,NIF100BEES,NIPINDETFNIFTY100,Broad Market ETF,INF204K014N5,NIPINDETFNIFTY100,Broad Market ETF,INF204K014N5,121146,Nippon India ETF Nifty 100,268.1474,03-Jul-2026,1.0,ISIN,Verified,,,,,,,,,,
NIF100IETF.NS,NIF100IETF,ICICIPruNifty100ETF,Broad Market ETF,INF109KC16V9,ICICIPruNifty100ETF,Broad Market ETF,INF109KC16V9,123004,ICICI Prudential Nifty 100 ETF,28.2061,03-Jul-2026,1.0,ISIN,Verified,,,,,,,,,,
NIFTY1.NS,NIFTY1,KotakNiftyETF,Broad Market ETF,INF174K014P6,KotakNiftyETF,Broad Market ETF,INF174K014P6,112351,Kotak Nifty 50 ETF,268.8466,03-Jul-2026,1.0,ISIN,Verified,,,,,,,,,,
NIFTY100EW.NS,NIFTY100EW,KOTAKMAMC - NIFTY100EW,Broad Market ETF,INF174KA1UW4,KOTAKMAMC - NIFTY100EW,Broad Market ETF,INF174KA1UW4,153315,Kotak Nifty 100 Equal Weight ETF,34.94,03-Jul-2026,1.0,ISIN,Verified,,,,,,,,,,
NIFTYADD.NS,NIFTYADD,DSPAMC - DSPNIFTY,Broad Market ETF,INF740KA1CL0,DSPAMC - DSPNIFTY,Broad Market ETF,INF740KA1CL0,149392,DSP Nifty 50 ETF,255.2555,03-Jul-2026,1.0,ISIN,Verified,,,,,,,,,,
NIFTYAXIS.NS,NIFTYAXIS,AXISAMC-NIFTYAXIS,Broad Market ETF,INF846K01W98,AXISAMC-NIFTYAXIS,Broad Market ETF,INF846K01W98,141545,Axis Nifty 50 ETF,268.1908,03-Jul-2026,1.0,ISIN,Verified,,,,,,,,,,
NIFTYBEES.NS,NIFTYBEES,NIPINDETFNIFTYBEES,Broad Market ETF,INF204KB14I2,NIPINDETFNIFTYBEES,Broad Market ETF,INF204KB14I2,140084,Nippon India ETF Nifty 50 BeES,276.0381,03-Jul-2026,1.0,ISIN,Verified,,,,,,,,,,
NIFTYBETA.NS,NIFTYBETA,UTIAMC-NIFTYBETA,Broad Market ETF,INF789F1AZC0,UTIAMC-NIFTYBETA,Broad Market ETF,INF789F1AZC0,135320,UTI Nifty 50 ETF,268.6392,03-Jul-2026,1.0,ISIN,Verified,,,,,,,,,,
NIFTYBETF.NS,NIFTYBETF,BFAM-NIFTYBETF,Broad Market ETF,INF0QA701722,BFAM-NIFTYBETF,Broad Market ETF,INF0QA701722,152356,Bajaj Finserv Nifty 50 ETF,249.3504,03-Jul-2026,1.0,ISIN,Verified,,,,,,,,,,
NIFTYCASE.NS,NIFTYCASE,ZERODHAAMC - NIFTYCASE,Broad Market ETF,INF0R8F01166,ZERODHAAMC - NIFTYCASE,Broad Market ETF,INF0R8F01166,153905,Zerodha Nifty 50 ETF,9.7239,03-Jul-2026,1.0,ISIN,Verified,,,,,,,,,,
NIFTYETF.NS,NIFTYETF,MIRAEAMC-MAN50ETF,Broad Market ETF,INF769K01EG9,MIRAEAMC-MAN50ETF,Broad Market ETF,INF769K01EG9,145633,Mirae Asset Nifty 50 ETF,263.5556,03-Jul-2026,1.0,ISIN,Verified,,,,,,,,,,
NIFTYIETF.NS,NIFTYIETF,ICICIPruNiftyETF,Broad Market ETF,INF109K012R6,ICICIPruNiftyETF,Broad Market ETF,INF109K012R6,121366,ICICI Prudential Nifty 50 ETF,274.6252,03-Jul-2026,1.0,ISIN,Verified,,,,,,,,,,
NIFTYQLITY.NS,NIFTYQLITY,BIRLASLAMC-NIFTYQLITY,IT ETF,INF209KB15K4,BIRLASLAMC-NIFTYQLITY,IT ETF,INF209KB15K4,150497,Aditya Birla Sun Life Nifty 200 Quality 30 ETF,20.8956,03-Jul-2026,1.0,ISIN,Verified,,,,,,,,,,
NPBET.NS,NPBET,TATAAML-NPBET,Bank/Financial ETF,INF277K010X4,TATAAML-NPBET,Bank/Financial ETF,INF277K010X4,147614,Tata Nifty Private Bank Exchange Traded Fund,292.107,03-Jul-2026,1.0,ISIN,Verified,,,,,,,,,,
NV20.NS,NV20,KOTAKMAMC-KTKNV20ETF,Factor ETF,INF174KA1ZE1,KOTAKMAMC-KTKNV20ETF,Factor ETF,INF174KA1ZE1,135744,Kotak Nifty 50 Value 20 ETF - Payout of Income Distribution cum capital withdrawal option,14.1182,03-Jul-2026,1.0,ISIN,Verified,,,,,,,,,,
NV20BEES.NS,NV20BEES,NIPINDETFETFNV20,Factor ETF,INF204KB18I3,NIPINDETFETFNV20,Factor ETF,INF204KB18I3,134782,Nippon India ETF Nifty 50 Value 20,141.3398,03-Jul-2026,1.0,ISIN,Verified,,,,,,,,,,
NV20IETF.NS,NV20IETF,ICICIPruNV20ETF,Factor ETF,INF109KC11V0,ICICIPruNV20ETF,Factor ETF,INF109KC11V0,139455,ICICI Prudential Nifty50 Value 20 ETF,13.772,03-Jul-2026,1.0,ISIN,Verified,,,,,,,,,,
OILIETF.NS,OILIETF,ICICIPRAMC - OILIETF,Broad Market ETF,INF109KC18W3,ICICIPRAMC - OILIETF,Broad Market ETF,INF109KC18W3,152748,ICICI Prudential Nifty Oil & Gas ETF,11.3032,03-Jul-2026,1.0,ISIN,Verified,,,,,,,,,,
PHARMABEES.NS,PHARMABEES,NIPPONAMC-NETFPHARMA,Pharma/Healthcare ETF,INF204KC1089,NIPPONAMC-NETFPHARMA,Pharma/Healthcare ETF,INF204KC1089,149008,Nippon India Nifty Pharma ETF,26.4263,03-Jul-2026,1.0,ISIN,Verified,,,,,,,,,,
PSUBANK.NS,PSUBANK,KotakMahindraMutualFun,Bank/Financial ETF,INF373I01023,KotakMahindraMutualFun,Bank/Financial ETF,INF373I01023,106929,Kotak Nifty PSU Bank ETF,842.4976,03-Jul-2026,1.0,ISIN,Verified,,,,,,,,,,
PSUBANKADD.NS,PSUBANKADD,DSPAMC-DSPPSBKETF,Bank/Financial ETF,INF740KA1SY9,DSPAMC-DSPPSBKETF,Bank/Financial ETF,INF740KA1SY9,151888,DSP Nifty PSU Bank ETF,85.0669,03-Jul-2026,1.0,ISIN,Verified,,,,,,,,,,
PSUBNKBEES.NS,PSUBNKBEES,NIPINDETFPSUBANKBEES,Bank/Financial ETF,INF204KB16I7,NIPINDETFPSUBANKBEES,Bank/Financial ETF,INF204KB16I7,140089,Nippon India ETF Nifty PSU Bank BeES,94.0085,03-Jul-2026,1.0,ISIN,Verified,,,,,,,,,,
PSUBNKIETF.NS,PSUBNKIETF,ICICIPRAMC-PSUBANKICI,Bank/Financial ETF,INF109KC10S8,ICICIPRAMC-PSUBANKICI,Bank/Financial ETF,INF109KC10S8,151572,ICICI Prudential Nifty PSU Bank ETF,85.362,03-Jul-2026,1.0,ISIN,Verified,,,,,,,,,,
PVTBANIETF.NS,PVTBANIETF,ICICIPRAMC-ICICIBANKP,Bank/Financial ETF,INF109KC18U7,ICICIPRAMC-ICICIBANKP,Bank/Financial ETF,INF109KC18U7,147530,ICICI Prudential Nifty Private Bank ETF,28.4793,03-Jul-2026,1.0,ISIN,Verified,,,,,,,,,,
PVTBANKADD.NS,PVTBANKADD,DSPAMC-DSPPVBKETF,Bank/Financial ETF,INF740KA1TA7,DSPAMC-DSPPVBKETF,Bank/Financial ETF,INF740KA1TA7,151887,DSP Nifty Private Bank ETF,28.6238,03-Jul-2026,1.0,ISIN,Verified,,,,,,,,,,
PVTBKGROWW.NS,PVTBKGROWW,GROWWAMC - PVTBKGROWW,Bank/Financial ETF,INF666M01OT5,GROWWAMC - PVTBKGROWW,Bank/Financial ETF,INF666M01OT5,154345,Groww Nifty Private Bank ETF,28.2805,03-Jul-2026,1.0,ISIN,Verified,,,,,,,,,,
QGOLDHALF.NS,QGOLDHALF,QuantumGoldFund-Exchan,Gold ETF,INF082J01408,QuantumGoldFund-Exchan,Gold ETF,INF082J01408,107693,Quantum Gold ETF,120.3479,03-Jul-2026,1.0,ISIN,Verified,,,,,,,,,,
QNIFTY.NS,QNIFTY,QuantumNiftyETF,Broad Market ETF,INF082J01499,QuantumNiftyETF,Broad Market ETF,INF082J01499,108479,Quantum Nifty 50 ETF,266.7281,03-Jul-2026,1.0,ISIN,Verified,,,,,,,,,,
QUAL30IETF.NS,QUAL30IETF,ICICIPRAMC-ICICIQTY30,IT ETF,INF109KC18V5,ICICIPRAMC-ICICIQTY30,IT ETF,INF109KC18V5,151907,ICICI Prudential Nifty 200 Quality 30 ETF,20.6866,03-Jul-2026,1.0,ISIN,Verified,,,,,,,,,,
QUALITY30.NS,QUALITY30,KOTAKMAMC - QUALITY30,IT ETF,INF174KA1WT6,KOTAKMAMC - QUALITY30,IT ETF,INF174KA1WT6,153657,Kotak Nifty200 Quality 30 ETF,20.257,03-Jul-2026,1.0,ISIN,Verified,,,,,,,,,,
SBIBPB.NS,SBIBPB,SBIAMC - SBIBPB,Bank/Financial ETF,INF200KB1712,SBIAMC - SBIBPB,Bank/Financial ETF,INF200KB1712,153435,SBI BSE PSU BANK ETF,48.6451,03-Jul-2026,1.0,ISIN,Verified,,,,,,,,,,
SBIETFCON.NS,SBIETFCON,SBIAMC-SBIETFCON,Consumption/FMCG ETF,INF200KA1X17,SBIAMC-SBIETFCON,Consumption/FMCG ETF,INF200KA1X17,149041,SBI Nifty Consumption ETF,121.6023,03-Jul-2026,1.0,ISIN,Verified,,,,,,,,,,
SBIETFIT.NS,SBIETFIT,SBIAMC-SBIETFIT,IT ETF,INF200KA1S14,SBIAMC-SBIETFIT,IT ETF,INF200KA1S14,148542,SBI Nifty IT ETF,303.7782,03-Jul-2026,1.0,ISIN,Verified,,,,,,,,,,
SBIETFPB.NS,SBIETFPB,SBIAMC-SBIETFPB,Bank/Financial ETF,INF200KA1S22,SBIAMC-SBIETFPB,Bank/Financial ETF,INF200KA1S22,148541,SBI Nifty Private Bank ETF,287.9479,03-Jul-2026,1.0,ISIN,Verified,,,,,,,,,,
SBIETFQLTY.NS,SBIETFQLTY,SBIAMC-SBIETFQLTY,IT ETF,INF200KA1WX6,SBIAMC-SBIETFQLTY,IT ETF,INF200KA1WX6,145648,SBI Nifty 200 Quality 30 ETF,217.5385,03-Jul-2026,1.0,ISIN,Verified,,,,,,,,,,
SBILIQETF.NS,SBILIQETF,SBIAMC - SBILIQETF,Parking/Debt ETF,INF200KB1969,SBIAMC - SBILIQETF,Parking/Debt ETF,INF200KB1969,153796,SBI Nifty 1D Rate Liquid ETF - Growth,1045.806,03-Jul-2026,1.0,ISIN,Verified,,,,,,,,,,
SBIMIDMOM.NS,SBIMIDMOM,SBIAMC - SBIMIDMOM,Factor ETF,INF200KB1AJ0,SBIAMC - SBIMIDMOM,Factor ETF,INF200KB1AJ0,154237,SBI Nifty Midcap 150 Momentum 50 ETF,62.2063,03-Jul-2026,1.0,ISIN,Verified,,,,,,,,,,
SBINEQWETF.NS,SBINEQWETF,SBIAMC - SBINEQWETF,Broad Market ETF,INF200KB1282,SBIAMC - SBINEQWETF,Broad Market ETF,INF200KB1282,152749,SBI Nifty50 Equal Weight ETF,33.4624,03-Jul-2026,1.0,ISIN,Verified,,,,,,,,,,
SBINMID150.NS,SBINMID150,SBIAMC - SBINMID150,Broad Market ETF,INF200KB1AK8,SBIAMC - SBINMID150,Broad Market ETF,INF200KB1AK8,154305,SBI Nifty Midcap 150 ETF,22.9111,03-Jul-2026,1.0,ISIN,Verified,,,,,,,,,,
SBISILVER.NS,SBISILVER,SBIAMC - SBISILVER,Silver ETF,INF200KB1217,SBIAMC - SBISILVER,Silver ETF,INF200KB1217,152725,SBI Silver ETF,227.0374,03-Jul-2026,1.0,ISIN,Verified,,,,,,,,,,
SBISMLETF.NS,SBISMLETF,SBIAMC - SBISMLETF,Broad Market ETF,INF200KB1AY9,SBIAMC - SBISMLETF,Broad Market ETF,INF200KB1AY9,154353,SBI Nifty Smallcap 250 ETF,17.9858,03-Jul-2026,1.0,ISIN,Verified,,,,,,,,,,
SBIVALETF.NS,SBIVALETF,SBIAMC - SBIVALETF,Factor ETF,INF200KB1AX1,SBIAMC - SBIVALETF,Factor ETF,INF200KB1AX1,154354,SBI Nifty200 Value 30 ETF,14.9926,03-Jul-2026,1.0,ISIN,Verified,,,,,,,,,,
SELECTIPO.NS,SELECTIPO,MIRAEAMC - SELECTIPO,ETF,INF769K01ON4,MIRAEAMC - SELECTIPO,ETF,INF769K01ON4,153384,Mirae Asset BSE Select IPO ETF,45.8689,03-Jul-2026,1.0,ISIN,Verified,,,,,,,,,,
SENSEXADD.NS,SENSEXADD,DSPAMC-DSPSENXETF,International ETF,INF740KA1SZ6,DSPAMC-DSPSENXETF,International ETF,INF740KA1SZ6,151886,DSP BSE Sensex ETF,80.079,03-Jul-2026,1.0,ISIN,Verified,,,,,,,,,,
SENSEXAXIS.NS,SENSEXAXIS,AXISAMC-SENSEXAXIS,International ETF,INF846K010Q0,AXISAMC-SENSEXAXIS,International ETF,INF846K010Q0,151585,Axis BSE Sensex ETF,80.5738,03-Jul-2026,1.0,ISIN,Verified,,,,,,,,,,
SENSEXBETA.NS,SENSEXBETA,UTIAMC-SENSEXBETA,Broad Market ETF,INF789FB1X58,UTIAMC-SENSEXBETA,Broad Market ETF,INF789FB1X58,135321,UTI BSE Sensex ETF,860.2831,03-Jul-2026,1.0,ISIN,Verified,,,,,,,,,,
SENSEXETF.NS,SENSEXETF,MIRAEAMC-SENSEXETF,International ETF,INF769K01KT9,MIRAEAMC-SENSEXETF,International ETF,INF769K01KT9,152097,Mirae Asset BSE Sensex ETF,80.1256,03-Jul-2026,1.0,ISIN,Verified,,,,,,,,,,
SENSEXIETF.NS,SENSEXIETF,ICICIPruSensexETF,Broad Market ETF,INF346A01034,ICICIPruSensexETF,Broad Market ETF,INF346A01034,101705,ICICI Prudential BSE Sensex ETF,892.7841,03-Jul-2026,1.0,ISIN,Verified,,,,,,,,,,
SETF10GILT.NS,SETF10GILT,SBIAMC-SETF10GILT,Parking/Debt ETF,INF200KA1JT1,SBIAMC-SETF10GILT,Parking/Debt ETF,INF200KA1JT1,139430,SBI Nifty 10 yr Benchmark G-Sec ETF,265.3402,03-Jul-2026,1.0,ISIN,Verified,,,,,,,,,,
SETFGOLD.NS,SETFGOLD,SBI-ETFGold,Gold ETF,INF200KA16D8,SBI-ETFGold,Gold ETF,INF200KA16D8,111954,SBI Gold ETF,123.8695,03-Jul-2026,1.0,ISIN,Verified,,,,,,,,,,
SETFNIF50.NS,SETFNIF50,SBI-ETFNifty50,Broad Market ETF,INF200KA1FS1,SBI-ETFNifty50,Broad Market ETF,INF200KA1FS1,135106,SBI Nifty 50 ETF,260.8796,03-Jul-2026,1.0,ISIN,Verified,,,,,,,,,,
SETFNIFBK.NS,SETFNIFBK,SBI-ETFNiftyBank,Bank/Financial ETF,INF200KA1580,SBI-ETFNiftyBank,Bank/Financial ETF,INF200KA1580,134008,SBI Nifty Bank ETF,595.056,03-Jul-2026,1.0,ISIN,Verified,,,,,,,,,,
SETFNN50.NS,SETFNN50,SBI-ETFNiftyNext50,Bank/Financial ETF,INF200KA1598,SBI-ETFNiftyNext50,Bank/Financial ETF,INF200KA1598,134013,SBI Nifty Next 50 ETF,772.9403,03-Jul-2026,1.0,ISIN,Verified,,,,,,,,,,
SHARIABEES.NS,SHARIABEES,NIPINDETFSHARIAHBEES,ETF,INF732E01128,NIPINDETFSHARIAHBEES,ETF,INF732E01128,140094,Nippon India ETF Nifty 50 Shariah BeES,454.5497,03-Jul-2026,1.0,ISIN,Verified,,,,,,,,,,
SILVER.NS,SILVER,BIRLASLAMC-SILVER,Silver ETF,INF209KB19F6,BIRLASLAMC-SILVER,Silver ETF,INF209KB19F6,149779,Aditya Birla Sun Life Silver ETF,231.3678,03-Jul-2026,1.0,ISIN,Verified,,,,,,,,,,
SILVER1.NS,SILVER1,KOTAKMAMC-KOTAKSILVE,Silver ETF,INF174KA1ZD3,KOTAKMAMC-KOTAKSILVE,Silver ETF,INF174KA1ZD3,150948,Kotak Silver ETF,22.4818,03-Jul-2026,1.0,ISIN,Verified,,,,,,,,,,
SILVER360.NS,SILVER360,360ONEAMC - SILVER360,Silver ETF,INF579M01BC3,360ONEAMC - SILVER360,Silver ETF,INF579M01BC3,153415,360 ONE Silver ETF,227.9809,03-Jul-2026,1.0,ISIN,Verified,,,,,,,,,,
SILVERADD.NS,SILVERADD,DSPAMC-DSPSILVETF,Silver ETF,INF740KA1RE3,DSPAMC-DSPSILVETF,Silver ETF,INF740KA1RE3,150523,DSP Silver ETF,223.4428,03-Jul-2026,1.0,ISIN,Verified,,,,,,,,,,
SILVERAG.NS,SILVERAG,MIRAEAMC-MASILVER,Silver ETF,INF769K01KG6,MIRAEAMC-MASILVER,Silver ETF,INF769K01KG6,151779,Mirae Asset Silver ETF,225.5392,03-Jul-2026,1.0,ISIN,Verified,,,,,,,,,,
SILVERAXIS.NS,SILVERAXIS,AXISAMC-SILVERAXIS,Silver ETF,INF846K011K1,AXISAMC-SILVERAXIS,Silver ETF,INF846K011K1,150610,Axis Silver ETF,230.3331,03-Jul-2026,1.0,ISIN,Verified,,,,,,,,,,
SILVERBEES.NS,SILVERBEES,NIPPONAMC-SILVERBEES,Silver ETF,INF204KC1402,NIPPONAMC-SILVERBEES,Silver ETF,INF204KC1402,149758,Nippon India Silver ETF,221.6576,03-Jul-2026,1.0,ISIN,Verified,,,,,,,,,,
SILVERBETA.NS,SILVERBETA,UTIAMC-SILVERBETA,Silver ETF,INF789F1AYK6,UTIAMC-SILVERBETA,Silver ETF,INF789F1AYK6,151730,UTI Silver Exchange Traded Fund,223.7874,03-Jul-2026,1.0,ISIN,Verified,,,,,,,,,,
SILVERBND.NS,SILVERBND,BANDHANAMC - SILVERBND,Silver ETF,INF194KB1KI9,BANDHANAMC - SILVERBND,Silver ETF,INF194KB1KI9,153929,Bandhan Silver ETF,232.2521,03-Jul-2026,1.0,ISIN,Verified,,,,,,,,,,
SILVERCASE.NS,SILVERCASE,ZERODHAAMC - SILVERCASE,Silver ETF,INF0R8F01091,ZERODHAAMC - SILVERCASE,Silver ETF,INF0R8F01091,153413,Zerodha Silver ETF,23.5067,03-Jul-2026,1.0,ISIN,Verified,,,,,,,,,,
SILVERIETF.NS,SILVERIETF,ICICIPRAMC-ICICISILVE,Silver ETF,INF109KC1Y56,ICICIPRAMC-ICICISILVE,Silver ETF,INF109KC1Y56,149464,ICICI PRUDENTIAL SILVER ETF,231.3538,03-Jul-2026,1.0,ISIN,Verified,,,,,,,,,,
SMALL250.NS,SMALL250,MIRAEAMC - SMALL250,Broad Market ETF,INF769K01PQ4,MIRAEAMC - SMALL250,Broad Market ETF,INF769K01PQ4,153946,Mirae Asset Nifty Smallcap 250 ETF,18.0217,03-Jul-2026,1.0,ISIN,Verified,,,,,,,,,,
SMALLADD.NS,SMALLADD,DSPAMC - SMALLADD,Broad Market ETF,INF740KA1WX3,DSPAMC - SMALLADD,Broad Market ETF,INF740KA1WX3,154024,DSP Nifty Smallcap 250 ETF,18.067,03-Jul-2026,1.0,ISIN,Verified,,,,,,,,,,
SMALLCAP.NS,SMALLCAP,MIRAEAMC-SMALLCAP,IT ETF,INF769K01LC3,MIRAEAMC-SMALLCAP,IT ETF,INF769K01LC3,152455,Mirae Asset Nifty Smallcap 250 Momentum Quality 100 ETF,47.0082,03-Jul-2026,1.0,ISIN,Verified,,,,,,,,,,
SMALLGROWW.NS,SMALLGROWW,GROWWAMC - SMALLGROWW,IT ETF,INF666M01PG9,GROWWAMC - SMALLGROWW,IT ETF,INF666M01PG9,154384,Groww Nifty Smallcap 250 Momentum Quality 100 ETF,47.0552,03-Jul-2026,1.0,ISIN,Verified,,,,,,,,,,
SMALLIETF.NS,SMALLIETF,ICICIPRAMC - SMALLIETF,Broad Market ETF,INF109K1A476,ICICIPRAMC - SMALLIETF,Broad Market ETF,INF109K1A476,154404,ICICI Prudential Nifty Smallcap 250 ETF,17.9966,03-Jul-2026,1.0,ISIN,Verified,,,,,,,,,,
SML100CASE.NS,SML100CASE,ZERODHAAMC - SML100CASE,Broad Market ETF,INF0R8F01141,ZERODHAAMC - SML100CASE,Broad Market ETF,INF0R8F01141,153837,Zerodha Nifty Smallcap 100 ETF,10.8742,03-Jul-2026,1.0,ISIN,Verified,,,,,,,,,,
SNXT30BEES.NS,SNXT30BEES,NIPPONAMC - SNXT30BEES,Broad Market ETF,INF204KC1EZ3,NIPPONAMC - SNXT30BEES,Broad Market ETF,INF204KC1EZ3,153569,Nippon India BSE Sensex Next 30 ETF,42.2841,03-Jul-2026,1.0,ISIN,Verified,,,,,,,,,,
SNXT50BETA.NS,SNXT50BETA,UTIAMC-SNXT50BETA,Broad Market ETF,INF789F1AUU3,UTIAMC-SNXT50BETA,Broad Market ETF,INF789F1AUU3,146388,UTI - BSE Sensex Next 50 Exchange Traded Fund,93.5177,03-Jul-2026,1.0,ISIN,Verified,,,,,,,,,,
TATAGOLD.NS,TATAGOLD,TATAAML-TATAGOLD,Gold ETF,INF277KA1976,TATAAML-TATAGOLD,Gold ETF,INF277KA1976,152284,Tata Gold Exchange Traded Fund,14.1153,03-Jul-2026,1.0,ISIN,Verified,,,,,,,,,,
TATSILV.NS,TATSILV,TATAAML-TATSILV,Silver ETF,INF277KA1984,TATAAML-TATSILV,Silver ETF,INF277KA1984,152285,Tata Silver Exchange Traded Fund,22.5091,03-Jul-2026,1.0,ISIN,Verified,,,,,,,,,,
TECH.NS,TECH,BIRLASLAMC-TECH,Parking/Debt ETF,INF209KB11D8,BIRLASLAMC-TECH,Parking/Debt ETF,INF209KB11D8,149293,Aditya Birla Sun Life Nifty IT ETF,29.9884,03-Jul-2026,1.0,ISIN,Verified,,,,,,,,,,
TNIDETF.NS,TNIDETF,TATAAML-TNIDETF,IT ETF,INF277KA1364,TATAAML-TNIDETF,IT ETF,INF277KA1364,149959,Tata Nifty India Digital Exchange Traded Fund,82.233,03-Jul-2026,1.0,ISIN,Verified,,,,,,,,,,
TOP100CASE.NS,TOP100CASE,ZERODHAAMC-TOP100CASE,Broad Market ETF,INF0R8F01067,ZERODHAAMC-TOP100CASE,Broad Market ETF,INF0R8F01067,152667,Zerodha Nifty 100 ETF,10.6089,03-Jul-2026,1.0,ISIN,Verified,,,,,,,,,,
TOP10ADD.NS,TOP10ADD,DSPAMC - TOP10ADD,Broad Market ETF,INF740KA1UR9,DSPAMC - TOP10ADD,Broad Market ETF,INF740KA1UR9,152812,DSP Nifty Top 10 Equal Weight ETF,87.8649,03-Jul-2026,1.0,ISIN,Verified,,,,,,,,,,
TOP15IETF.NS,TOP15IETF,ICICIPRAMC - TOP15IETF,Broad Market ETF,INF109K1A344,ICICIPRAMC - TOP15IETF,Broad Market ETF,INF109K1A344,153617,ICICI Prudential Nifty Top 15 Equal Weight ETF,9.9236,03-Jul-2026,1.0,ISIN,Verified,,,,,,,,,,
TOP20.NS,TOP20,MIRAEAMC - TOP20,Broad Market ETF,INF769K01PZ5,MIRAEAMC - TOP20,Broad Market ETF,INF769K01PZ5,154060,Mirae Asset Nifty Top 20 Equal Weight ETF,8.788,03-Jul-2026,1.0,ISIN,Verified,,,,,,,,,,
TWCGOLDETF.NS,TWCGOLDETF,WEALTH - TWCGOLDETF,Gold ETF,INF2F0001370,WEALTH - TWCGOLDETF,Gold ETF,INF2F0001370,154092,The Wealth Company Gold ETF,144.6276,03-Jul-2026,1.0,ISIN,Verified,,,,,,,,,,
UNIONGOLD.NS,UNIONGOLD,UNIONAMC - UNIONGOLD,Gold ETF,INF582M01KS4,UNIONAMC - UNIONGOLD,Gold ETF,INF582M01KS4,153337,Union Gold ETF,142.2173,03-Jul-2026,1.0,ISIN,Verified,,,,,,,,,,
VAL30IETF.NS,VAL30IETF,ICICIPRAMC - VAL30IETF,Factor ETF,INF109KC16X5,ICICIPRAMC - VAL30IETF,Factor ETF,INF109KC16X5,152932,ICICI Prudential Nifty200 Value 30 ETF,15.4481,03-Jul-2026,1.0,ISIN,Verified,,,,,,,,,,
VALUE.NS,VALUE,MIRAEAMC - VALUE,Factor ETF,INF769K01QV2,MIRAEAMC - VALUE,Factor ETF,INF769K01QV2,154299,Mirae Asset Nifty 500 Value 50 ETF,16.243,03-Jul-2026,1.0,ISIN,Verified,,,,,,,,,,
VALUEAXIS.NS,VALUEAXIS,AXISAMC-VALUEAXIS,Factor ETF,INF846KA1119,AXISAMC-VALUEAXIS,Factor ETF,INF846KA1119,153414,Axis Nifty500 Value 50 ETF,33.0694,03-Jul-2026,1.0,ISIN,Verified,,,,,,,,,,
